{
"meta":{"test_sets":[],"test_metrics":[],"learn_metrics":[{"best_value":"Min","name":"Logloss"}],"launch_mode":"Train","parameters":"","iteration_count":1000,"learn_sets":["learn"],"name":"experiment"},
"iterations":[
{"learn":[0.6819718967],"iteration":0,"passed_time":0.005413400841,"remaining_time":5.407987441},
{"learn":[0.6684774306],"iteration":1,"passed_time":0.01198386195,"remaining_time":5.979947114},
{"learn":[0.6564820964],"iteration":2,"passed_time":0.01873787813,"remaining_time":6.227221498},
{"learn":[0.6442777778],"iteration":3,"passed_time":0.02263493238,"remaining_time":5.636098162},
{"learn":[0.6354571398],"iteration":4,"passed_time":0.02657612832,"remaining_time":5.288649536},
{"learn":[0.6241774089],"iteration":5,"passed_time":0.03140930798,"remaining_time":5.203475356},
{"learn":[0.6154853516],"iteration":6,"passed_time":0.03578302881,"remaining_time":5.076078229},
{"learn":[0.6070863715],"iteration":7,"passed_time":0.03988245598,"remaining_time":4.945424542},
{"learn":[0.598296658],"iteration":8,"passed_time":0.04434704904,"remaining_time":4.883102844},
{"learn":[0.5909933268],"iteration":9,"passed_time":0.04871522669,"remaining_time":4.822807442},
{"learn":[0.5837046441],"iteration":10,"passed_time":0.0527806407,"remaining_time":4.745459423},
{"learn":[0.5757224392],"iteration":11,"passed_time":0.05774518218,"remaining_time":4.754353333},
{"learn":[0.5690855035],"iteration":12,"passed_time":0.0618456008,"remaining_time":4.695508307},
{"learn":[0.5628396267],"iteration":13,"passed_time":0.06589683777,"remaining_time":4.641020146},
{"learn":[0.5567994792],"iteration":14,"passed_time":0.07090932444,"remaining_time":4.656378971},
{"learn":[0.5507705621],"iteration":15,"passed_time":0.07507391134,"remaining_time":4.617045547},
{"learn":[0.5447324219],"iteration":16,"passed_time":0.07927586667,"remaining_time":4.584010408},
{"learn":[0.5397482096],"iteration":17,"passed_time":0.08324551397,"remaining_time":4.541505262},
{"learn":[0.5346088325],"iteration":18,"passed_time":0.08719437598,"remaining_time":4.501983307},
{"learn":[0.5298067491],"iteration":19,"passed_time":0.09118014048,"remaining_time":4.467826883},
{"learn":[0.5255715061],"iteration":20,"passed_time":0.09538053614,"remaining_time":4.446549756},
{"learn":[0.5211024306],"iteration":21,"passed_time":0.09952762029,"remaining_time":4.42445512},
{"learn":[0.5163624132],"iteration":22,"passed_time":0.103494321,"remaining_time":4.396258766},
{"learn":[0.5122344293],"iteration":23,"passed_time":0.1075152301,"remaining_time":4.372286024},
{"learn":[0.5085996636],"iteration":24,"passed_time":0.1116639262,"remaining_time":4.354893121},
{"learn":[0.5049219835],"iteration":25,"passed_time":0.1156425347,"remaining_time":4.33214726},
{"learn":[0.5014397244],"iteration":26,"passed_time":0.1201760541,"remaining_time":4.330788913},
{"learn":[0.4983071289],"iteration":27,"passed_time":0.1255339487,"remaining_time":4.357821363},
{"learn":[0.4946542969],"iteration":28,"passed_time":0.1299230485,"remaining_time":4.350182072},
{"learn":[0.4920666775],"iteration":29,"passed_time":0.1338748135,"remaining_time":4.328618968},
{"learn":[0.489128852],"iteration":30,"passed_time":0.1382305133,"remaining_time":4.320818303},
{"learn":[0.4863894314],"iteration":31,"passed_time":0.1424975861,"remaining_time":4.310551979},
{"learn":[0.4837868924],"iteration":32,"passed_time":0.1464728184,"remaining_time":4.292097435},
{"learn":[0.4812617188],"iteration":33,"passed_time":0.1504284023,"remaining_time":4.273936371},
{"learn":[0.4779169922],"iteration":34,"passed_time":0.1553228623,"remaining_time":4.282473203},
{"learn":[0.4754059245],"iteration":35,"passed_time":0.1606862969,"remaining_time":4.30282195},
{"learn":[0.4735162218],"iteration":36,"passed_time":0.164713296,"remaining_time":4.286997407},
{"learn":[0.4714589844],"iteration":37,"passed_time":0.1685924429,"remaining_time":4.268050792},
{"learn":[0.4692237413],"iteration":38,"passed_time":0.1732315553,"remaining_time":4.268603197},
{"learn":[0.4668713108],"iteration":39,"passed_time":0.177280633,"remaining_time":4.254735193},
{"learn":[0.4651885308],"iteration":40,"passed_time":0.1813484309,"remaining_time":4.241784029},
{"learn":[0.4630512695],"iteration":41,"passed_time":0.1921222688,"remaining_time":4.382217464},
{"learn":[0.4609750977],"iteration":42,"passed_time":0.1965794149,"remaining_time":4.375034885},
{"learn":[0.4589939236],"iteration":43,"passed_time":0.2003755761,"remaining_time":4.35361479},
{"learn":[0.4575121528],"iteration":44,"passed_time":0.2043510339,"remaining_time":4.336783052},
{"learn":[0.4560167101],"iteration":45,"passed_time":0.2080476063,"remaining_time":4.314726443},
{"learn":[0.4544512261],"iteration":46,"passed_time":0.2138728235,"remaining_time":4.336612783},
{"learn":[0.4530330132],"iteration":47,"passed_time":0.2184524275,"remaining_time":4.332639813},
{"learn":[0.4515703939],"iteration":48,"passed_time":0.2282015989,"remaining_time":4.428973889},
{"learn":[0.4500815701],"iteration":49,"passed_time":0.2333741065,"remaining_time":4.434108023},
{"learn":[0.4487473145],"iteration":50,"passed_time":0.2374269481,"remaining_time":4.418003408},
{"learn":[0.447442003],"iteration":51,"passed_time":0.2415640769,"remaining_time":4.403898941},
{"learn":[0.4460824924],"iteration":52,"passed_time":0.2457538036,"remaining_time":4.391110415},
{"learn":[0.4445869412],"iteration":53,"passed_time":0.2497964144,"remaining_time":4.376063112},
{"learn":[0.4429739583],"iteration":54,"passed_time":0.2538163575,"remaining_time":4.361026507},
{"learn":[0.4417978787],"iteration":55,"passed_time":0.257692576,"remaining_time":4.343960567},
{"learn":[0.4406202799],"iteration":56,"passed_time":0.2617783558,"remaining_time":4.330824377},
{"learn":[0.4395482313],"iteration":57,"passed_time":0.2658827451,"remaining_time":4.318302516},
{"learn":[0.4387678223],"iteration":58,"passed_time":0.2698877671,"remaining_time":4.304481167},
{"learn":[0.4377670898],"iteration":59,"passed_time":0.2742792752,"remaining_time":4.297041979},
{"learn":[0.4367424859],"iteration":60,"passed_time":0.2783625161,"remaining_time":4.28495742},
{"learn":[0.4356155056],"iteration":61,"passed_time":0.290465598,"remaining_time":4.394463402},
{"learn":[0.4347240126],"iteration":62,"passed_time":0.2995675142,"remaining_time":4.455472394},
{"learn":[0.4338670519],"iteration":63,"passed_time":0.3033604306,"remaining_time":4.436646298},
{"learn":[0.4328577474],"iteration":64,"passed_time":0.3073538371,"remaining_time":4.421166734},
{"learn":[0.4318366157],"iteration":65,"passed_time":0.3113941255,"remaining_time":4.406698685},
{"learn":[0.4310240343],"iteration":66,"passed_time":0.3153393804,"remaining_time":4.391218536},
{"learn":[0.4299871962],"iteration":67,"passed_time":0.3194180168,"remaining_time":4.37790576},
{"learn":[0.429185791],"iteration":68,"passed_time":0.3233004526,"remaining_time":4.362213354},
{"learn":[0.4284720052],"iteration":69,"passed_time":0.3273696038,"remaining_time":4.349339021},
{"learn":[0.4275298123],"iteration":70,"passed_time":0.3313712759,"remaining_time":4.335829793},
{"learn":[0.4268327908],"iteration":71,"passed_time":0.3358377136,"remaining_time":4.328574976},
{"learn":[0.4261727431],"iteration":72,"passed_time":0.3400570999,"remaining_time":4.318259337},
{"learn":[0.4255005425],"iteration":73,"passed_time":0.3443209429,"remaining_time":4.308664772},
{"learn":[0.4248436686],"iteration":74,"passed_time":0.3487028584,"remaining_time":4.300668588},
{"learn":[0.4240844998],"iteration":75,"passed_time":0.3527152955,"remaining_time":4.288275435},
{"learn":[0.4234290365],"iteration":76,"passed_time":0.3569845558,"remaining_time":4.279178506},
{"learn":[0.422571913],"iteration":77,"passed_time":0.3612428488,"remaining_time":4.270075725},
{"learn":[0.4217879503],"iteration":78,"passed_time":0.3720727039,"remaining_time":4.337708358},
{"learn":[0.4211721191],"iteration":79,"passed_time":0.3818786416,"remaining_time":4.391604378},
{"learn":[0.420421658],"iteration":80,"passed_time":0.38598209,"remaining_time":4.379228897},
{"learn":[0.4197597385],"iteration":81,"passed_time":0.389995568,"remaining_time":4.366047945},
{"learn":[0.4191349826],"iteration":82,"passed_time":0.3939879235,"remaining_time":4.352854528},
{"learn":[0.4186735026],"iteration":83,"passed_time":0.3984055928,"remaining_time":4.344518131},
{"learn":[0.4181860894],"iteration":84,"passed_time":0.4029294811,"remaining_time":4.337417355},
{"learn":[0.4176385905],"iteration":85,"passed_time":0.4070134034,"remaining_time":4.325700589},
{"learn":[0.4171965332],"iteration":86,"passed_time":0.4125078497,"remaining_time":4.328961687},
{"learn":[0.416724745],"iteration":87,"passed_time":0.4162047149,"remaining_time":4.313394318},
{"learn":[0.4162215169],"iteration":88,"passed_time":0.4201652596,"remaining_time":4.300792714},
{"learn":[0.4157133518],"iteration":89,"passed_time":0.4238688858,"remaining_time":4.2857854},
{"learn":[0.415148112],"iteration":90,"passed_time":0.4275032973,"remaining_time":4.270335134},
{"learn":[0.4146008572],"iteration":91,"passed_time":0.4312214246,"remaining_time":4.255967973},
{"learn":[0.4141982151],"iteration":92,"passed_time":0.434758937,"remaining_time":4.240068343},
{"learn":[0.4139246419],"iteration":93,"passed_time":0.4383740652,"remaining_time":4.22517982},
{"learn":[0.4135153266],"iteration":94,"passed_time":0.4419427806,"remaining_time":4.210086489},
{"learn":[0.4130861545],"iteration":95,"passed_time":0.4456708387,"remaining_time":4.196733731},
{"learn":[0.4126830512],"iteration":96,"passed_time":0.4494510181,"remaining_time":4.184064633},
{"learn":[0.4122539063],"iteration":97,"passed_time":0.4535242128,"remaining_time":4.174273877},
{"learn":[0.4118840061],"iteration":98,"passed_time":0.4576979059,"remaining_time":4.165513264},
{"learn":[0.4114470757],"iteration":99,"passed_time":0.4617951274,"remaining_time":4.156156147},
{"learn":[0.411031033],"iteration":100,"passed_time":0.465982362,"remaining_time":4.147704391},
{"learn":[0.4105737305],"iteration":101,"passed_time":0.4699822045,"remaining_time":4.137686467},
{"learn":[0.4102552355],"iteration":102,"passed_time":0.4746434995,"remaining_time":4.133545816},
{"learn":[0.4100165473],"iteration":103,"passed_time":0.4785425548,"remaining_time":4.122828165},
{"learn":[0.4096892361],"iteration":104,"passed_time":0.4832078752,"remaining_time":4.118771889},
{"learn":[0.4092843967],"iteration":105,"passed_time":0.487292399,"remaining_time":4.109805704},
{"learn":[0.4088855252],"iteration":106,"passed_time":0.4913177102,"remaining_time":4.100436591},
{"learn":[0.408586697],"iteration":107,"passed_time":0.49528438,"remaining_time":4.090682102},
{"learn":[0.4082603624],"iteration":108,"passed_time":0.4991407988,"remaining_time":4.080132584},
{"learn":[0.4077770182],"iteration":109,"passed_time":0.5031811149,"remaining_time":4.071192657},
{"learn":[0.4073529731],"iteration":110,"passed_time":0.5074843992,"remaining_time":4.064447125},
{"learn":[0.4069288194],"iteration":111,"passed_time":0.5112795435,"remaining_time":4.053716381},
{"learn":[0.406551161],"iteration":112,"passed_time":0.5152839258,"remaining_time":4.044750816},
{"learn":[0.4062244466],"iteration":113,"passed_time":0.519329126,"remaining_time":4.036189523},
{"learn":[0.4058632812],"iteration":114,"passed_time":0.5235467435,"remaining_time":4.029033634},
{"learn":[0.4054588216],"iteration":115,"passed_time":0.5275157743,"remaining_time":4.020034004},
{"learn":[0.4050604384],"iteration":116,"passed_time":0.531474018,"remaining_time":4.011038956},
{"learn":[0.4049941135],"iteration":117,"passed_time":0.5334874701,"remaining_time":3.987592785},
{"learn":[0.4046305339],"iteration":118,"passed_time":0.5375640486,"remaining_time":3.979780898},
{"learn":[0.4041779243],"iteration":119,"passed_time":0.5415136675,"remaining_time":3.971100228},
{"learn":[0.403843533],"iteration":120,"passed_time":0.5509069833,"remaining_time":4.002043292},
{"learn":[0.4035871853],"iteration":121,"passed_time":0.5546927919,"remaining_time":3.991969436},
{"learn":[0.4033492839],"iteration":122,"passed_time":0.5584797946,"remaining_time":3.98200634},
{"learn":[0.4030151367],"iteration":123,"passed_time":0.5622896178,"remaining_time":3.972304074},
{"learn":[0.4026665039],"iteration":124,"passed_time":0.5662796772,"remaining_time":3.96395774},
{"learn":[0.4024399414],"iteration":125,"passed_time":0.5701568676,"remaining_time":3.954897637},
{"learn":[0.4022165799],"iteration":126,"passed_time":0.5742638827,"remaining_time":3.947498973},
{"learn":[0.4018880751],"iteration":127,"passed_time":0.5783417904,"remaining_time":3.939953447},
{"learn":[0.4015827365],"iteration":128,"passed_time":0.5827904785,"remaining_time":3.934965169},
{"learn":[0.4013078613],"iteration":129,"passed_time":0.5915648719,"remaining_time":3.958934143},
{"learn":[0.4010287543],"iteration":130,"passed_time":0.5961014529,"remaining_time":3.954291318},
{"learn":[0.4006491428],"iteration":131,"passed_time":0.6005989604,"remaining_time":3.949393164},
{"learn":[0.400433648],"iteration":132,"passed_time":0.6046443165,"remaining_time":3.941553552},
{"learn":[0.4002007921],"iteration":133,"passed_time":0.609470286,"remaining_time":3.938815431},
{"learn":[0.3999573296],"iteration":134,"passed_time":0.6134157337,"remaining_time":3.930404516},
{"learn":[0.3997116157],"iteration":135,"passed_time":0.6175562087,"remaining_time":3.923298267},
{"learn":[0.3994327799],"iteration":136,"passed_time":0.6218487026,"remaining_time":3.917192922},
{"learn":[0.3991617839],"iteration":137,"passed_time":0.62575153,"remaining_time":3.908679847},
{"learn":[0.3988656684],"iteration":138,"passed_time":0.6300184428,"remaining_time":3.90248834},
{"learn":[0.3985933974],"iteration":139,"passed_time":0.6341998565,"remaining_time":3.895799118},
{"learn":[0.3983983019],"iteration":140,"passed_time":0.6382377433,"remaining_time":3.888271074},
{"learn":[0.398207628],"iteration":141,"passed_time":0.642606421,"remaining_time":3.88279091},
{"learn":[0.3980224609],"iteration":142,"passed_time":0.6470358262,"remaining_time":3.877690231},
{"learn":[0.3977653537],"iteration":143,"passed_time":0.6513807234,"remaining_time":3.872096522},
{"learn":[0.3975740289],"iteration":144,"passed_time":0.6555406095,"remaining_time":3.865429111},
{"learn":[0.3972888455],"iteration":145,"passed_time":0.6596578735,"remaining_time":3.85854674},
{"learn":[0.3970626085],"iteration":146,"passed_time":0.6640550603,"remaining_time":3.853326302},
{"learn":[0.3968923611],"iteration":147,"passed_time":0.6681361428,"remaining_time":3.846297255},
{"learn":[0.3965915799],"iteration":148,"passed_time":0.6721765217,"remaining_time":3.839075302},
{"learn":[0.3964380697],"iteration":149,"passed_time":0.6765038588,"remaining_time":3.833521867},
{"learn":[0.3962491591],"iteration":150,"passed_time":0.680647249,"remaining_time":3.826950427},
{"learn":[0.3959841851],"iteration":151,"passed_time":0.6848439517,"remaining_time":3.820708362},
{"learn":[0.3958206923],"iteration":152,"passed_time":0.6891376029,"remaining_time":3.815029737},
{"learn":[0.3954716797],"iteration":153,"passed_time":0.6932512653,"remaining_time":3.808380328},
{"learn":[0.3952431641],"iteration":154,"passed_time":0.6974733996,"remaining_time":3.802354985},
{"learn":[0.3949352756],"iteration":155,"passed_time":0.7014815017,"remaining_time":3.795194791},
{"learn":[0.3947430556],"iteration":156,"passed_time":0.7053591103,"remaining_time":3.787374077},
{"learn":[0.3944978299],"iteration":157,"passed_time":0.7095888383,"remaining_time":3.781479759},
{"learn":[0.3942842339],"iteration":158,"passed_time":0.7134737948,"remaining_time":3.773782776},
{"learn":[0.3941290148],"iteration":159,"passed_time":0.717584402,"remaining_time":3.76731811},
{"learn":[0.3940203993],"iteration":160,"passed_time":0.7267192408,"remaining_time":3.787064864},
{"learn":[0.3936869575],"iteration":161,"passed_time":0.7329323294,"remaining_time":3.791341309},
{"learn":[0.3936089681],"iteration":162,"passed_time":0.7355225728,"remaining_time":3.776885849},
{"learn":[0.3932455241],"iteration":163,"passed_time":0.7393021745,"remaining_time":3.768637914},
{"learn":[0.3930033637],"iteration":164,"passed_time":0.7430717673,"remaining_time":3.760393489},
{"learn":[0.3928173286],"iteration":165,"passed_time":0.7468102853,"remaining_time":3.752046855},
{"learn":[0.3925692274],"iteration":166,"passed_time":0.7507229221,"remaining_time":3.744623917},
{"learn":[0.3923391656],"iteration":167,"passed_time":0.7543116873,"remaining_time":3.735638832},
{"learn":[0.392206977],"iteration":168,"passed_time":0.7579915115,"remaining_time":3.727165361},
{"learn":[0.3919634603],"iteration":169,"passed_time":0.7617156575,"remaining_time":3.718964681},
{"learn":[0.3918003743],"iteration":170,"passed_time":0.7654443497,"remaining_time":3.710838397},
{"learn":[0.3915701497],"iteration":171,"passed_time":0.7691718636,"remaining_time":3.702757576},
{"learn":[0.3914060872],"iteration":172,"passed_time":0.773066469,"remaining_time":3.695525838},
{"learn":[0.3912419976],"iteration":173,"passed_time":0.7770239867,"remaining_time":3.688631109},
{"learn":[0.3911353895],"iteration":174,"passed_time":0.7810330581,"remaining_time":3.682012988},
{"learn":[0.3909162869],"iteration":175,"passed_time":0.7848338792,"remaining_time":3.674449525},
{"learn":[0.3907575412],"iteration":176,"passed_time":0.7886110667,"remaining_time":3.666818688},
{"learn":[0.3904569499],"iteration":177,"passed_time":0.7925040097,"remaining_time":3.659765708},
{"learn":[0.3902817654],"iteration":178,"passed_time":0.796159441,"remaining_time":3.651658665},
{"learn":[0.3901459961],"iteration":179,"passed_time":0.7999980993,"remaining_time":3.644435786},
{"learn":[0.3899611545],"iteration":180,"passed_time":0.804172091,"remaining_time":3.638767638},
{"learn":[0.3898449978],"iteration":181,"passed_time":0.8080798479,"remaining_time":3.631919317},
{"learn":[0.3896455892],"iteration":182,"passed_time":0.8117865261,"remaining_time":3.62420542},
{"learn":[0.3892472331],"iteration":183,"passed_time":0.8157212661,"remaining_time":3.617546485},
{"learn":[0.3891626519],"iteration":184,"passed_time":0.8198432692,"remaining_time":3.61174197},
{"learn":[0.3889306641],"iteration":185,"passed_time":0.8236672735,"remaining_time":3.604651401},
{"learn":[0.3887122396],"iteration":186,"passed_time":0.8272844319,"remaining_time":3.596696487},
{"learn":[0.3885901693],"iteration":187,"passed_time":0.8310725074,"remaining_time":3.589525936},
{"learn":[0.3884407823],"iteration":188,"passed_time":0.834827439,"remaining_time":3.582248958},
{"learn":[0.388268202],"iteration":189,"passed_time":0.8384781286,"remaining_time":3.574564654},
{"learn":[0.3881712511],"iteration":190,"passed_time":0.8422353813,"remaining_time":3.567373945},
{"learn":[0.3879166124],"iteration":191,"passed_time":0.8462134738,"remaining_time":3.561148369},
{"learn":[0.387742947],"iteration":192,"passed_time":0.8502465321,"remaining_time":3.555175914},
{"learn":[0.3876005859],"iteration":193,"passed_time":0.8543228456,"remaining_time":3.549403163},
{"learn":[0.3873441298],"iteration":194,"passed_time":0.8580431735,"remaining_time":3.542178229},
{"learn":[0.3872591146],"iteration":195,"passed_time":0.8631493985,"remaining_time":3.540674063},
{"learn":[0.3870668403],"iteration":196,"passed_time":0.8689994773,"remaining_time":3.542165382},
{"learn":[0.3868467882],"iteration":197,"passed_time":0.8745897086,"remaining_time":3.542530032},
{"learn":[0.3865576172],"iteration":198,"passed_time":0.8806666204,"remaining_time":3.544793784},
{"learn":[0.3864093153],"iteration":199,"passed_time":0.8846875564,"remaining_time":3.538750225},
{"learn":[0.3863244358],"iteration":200,"passed_time":0.8883480818,"remaining_time":3.531294116},
{"learn":[0.3860833062],"iteration":201,"passed_time":0.8942513921,"remaining_time":3.532735697},
{"learn":[0.3858544108],"iteration":202,"passed_time":0.89797206,"remaining_time":3.525535625},
{"learn":[0.3856788194],"iteration":203,"passed_time":0.9021246319,"remaining_time":3.520054936},
{"learn":[0.3855557726],"iteration":204,"passed_time":0.9059983802,"remaining_time":3.513505913},
{"learn":[0.3854082303],"iteration":205,"passed_time":0.9097757399,"remaining_time":3.506611347},
{"learn":[0.3851699219],"iteration":206,"passed_time":0.9141105794,"remaining_time":3.501882558},
{"learn":[0.3850024414],"iteration":207,"passed_time":0.9181814771,"remaining_time":3.496152547},
{"learn":[0.3849186198],"iteration":208,"passed_time":0.922251196,"remaining_time":3.490433952},
{"learn":[0.3847983941],"iteration":209,"passed_time":0.9262357613,"remaining_time":3.484410721},
{"learn":[0.3846806369],"iteration":210,"passed_time":0.9300713552,"remaining_time":3.477849759},
{"learn":[0.3844201931],"iteration":211,"passed_time":0.9340069252,"remaining_time":3.471686118},
{"learn":[0.3842714844],"iteration":212,"passed_time":0.9379572423,"remaining_time":3.465597886},
{"learn":[0.3840249295],"iteration":213,"passed_time":0.9420963804,"remaining_time":3.460223154},
{"learn":[0.3838546549],"iteration":214,"passed_time":0.9463490993,"remaining_time":3.455274618},
{"learn":[0.3837271322],"iteration":215,"passed_time":0.9508420492,"remaining_time":3.451204475},
{"learn":[0.3834596897],"iteration":216,"passed_time":0.9550689683,"remaining_time":3.446170517},
{"learn":[0.3832491319],"iteration":217,"passed_time":0.9589807637,"remaining_time":3.440013565},
{"learn":[0.3830377062],"iteration":218,"passed_time":0.9631973075,"remaining_time":3.434963914},
{"learn":[0.3828911133],"iteration":219,"passed_time":0.9670584748,"remaining_time":3.428661865},
{"learn":[0.3826972114],"iteration":220,"passed_time":0.9709211663,"remaining_time":3.422387279},
{"learn":[0.3825397949],"iteration":221,"passed_time":0.9748046418,"remaining_time":3.416207258},
{"learn":[0.3823825141],"iteration":222,"passed_time":0.9788769722,"remaining_time":3.410705863},
{"learn":[0.3823243544],"iteration":223,"passed_time":0.9824773843,"remaining_time":3.403582367},
{"learn":[0.3819787326],"iteration":224,"passed_time":0.9868487972,"remaining_time":3.399145857},
{"learn":[0.3817247721],"iteration":225,"passed_time":0.9909713471,"remaining_time":3.393857622},
{"learn":[0.3814232856],"iteration":226,"passed_time":0.9949250836,"remaining_time":3.3880048},
{"learn":[0.3812601454],"iteration":227,"passed_time":0.9988725605,"remaining_time":3.382147442},
{"learn":[0.3810292969],"iteration":228,"passed_time":1.002811799,"remaining_time":3.376279025},
{"learn":[0.3807269423],"iteration":229,"passed_time":1.006788472,"remaining_time":3.370552712},
{"learn":[0.3803541667],"iteration":230,"passed_time":1.01089988,"remaining_time":3.365290078},
{"learn":[0.3801829698],"iteration":231,"passed_time":1.014909543,"remaining_time":3.359700555},
{"learn":[0.3800302192],"iteration":232,"passed_time":1.019038602,"remaining_time":3.354517629},
{"learn":[0.3799448242],"iteration":233,"passed_time":1.022749082,"remaining_time":3.347973491},
{"learn":[0.3797596029],"iteration":234,"passed_time":1.026686493,"remaining_time":3.3421922},
{"learn":[0.3796767036],"iteration":235,"passed_time":1.033977411,"remaining_time":3.347282806},
{"learn":[0.3796159397],"iteration":236,"passed_time":1.037909588,"remaining_time":3.341455763},
{"learn":[0.3794949816],"iteration":237,"passed_time":1.041635621,"remaining_time":3.334984636},
{"learn":[0.3794254286],"iteration":238,"passed_time":1.04585817,"remaining_time":3.330117438},
{"learn":[0.3791854112],"iteration":239,"passed_time":1.049465868,"remaining_time":3.323308581},
{"learn":[0.3790658366],"iteration":240,"passed_time":1.054017383,"remaining_time":3.319498728},
{"learn":[0.3789562988],"iteration":241,"passed_time":1.057616582,"remaining_time":3.312699872},
{"learn":[0.3788085395],"iteration":242,"passed_time":1.061441085,"remaining_time":3.306629223},
{"learn":[0.3786449653],"iteration":243,"passed_time":1.065349292,"remaining_time":3.300836331},
{"learn":[0.3785022244],"iteration":244,"passed_time":1.069039514,"remaining_time":3.294387072},
{"learn":[0.3782876519],"iteration":245,"passed_time":1.072725321,"remaining_time":3.287946714},
{"learn":[0.3781554091],"iteration":246,"passed_time":1.076274302,"remaining_time":3.281111536},
{"learn":[0.3779589844],"iteration":247,"passed_time":1.080020167,"remaining_time":3.274899861},
{"learn":[0.3778833822],"iteration":248,"passed_time":1.083730615,"remaining_time":3.268601172},
{"learn":[0.3776034071],"iteration":249,"passed_time":1.087774274,"remaining_time":3.263322822},
{"learn":[0.3776017795],"iteration":250,"passed_time":1.089660375,"remaining_time":3.251616019},
{"learn":[0.3774847548],"iteration":251,"passed_time":1.093812738,"remaining_time":3.246714001},
{"learn":[0.377273329],"iteration":252,"passed_time":1.098661561,"remaining_time":3.243874252},
{"learn":[0.3771202257],"iteration":253,"passed_time":1.106295842,"remaining_time":3.249199599},
{"learn":[0.3770078939],"iteration":254,"passed_time":1.115236851,"remaining_time":3.258240995},
{"learn":[0.3768257921],"iteration":255,"passed_time":1.122644266,"remaining_time":3.262684897},
{"learn":[0.3766028646],"iteration":256,"passed_time":1.127983997,"remaining_time":3.261058792},
{"learn":[0.3764333767],"iteration":257,"passed_time":1.135617341,"remaining_time":3.26600026},
{"learn":[0.3762125651],"iteration":258,"passed_time":1.140052414,"remaining_time":3.261694359},
{"learn":[0.3760569119],"iteration":259,"passed_time":1.144157439,"remaining_time":3.256448095},
{"learn":[0.375887424],"iteration":260,"passed_time":1.147967576,"remaining_time":3.250375628},
{"learn":[0.3756694336],"iteration":261,"passed_time":1.153923548,"remaining_time":3.250364803},
{"learn":[0.3755250109],"iteration":262,"passed_time":1.157880278,"remaining_time":3.24470633},
{"learn":[0.3754269206],"iteration":263,"passed_time":1.161500848,"remaining_time":3.238123576},
{"learn":[0.3753064779],"iteration":264,"passed_time":1.165369843,"remaining_time":3.232252205},
{"learn":[0.3752311198],"iteration":265,"passed_time":1.169459876,"remaining_time":3.227005824},
{"learn":[0.3751201986],"iteration":266,"passed_time":1.173113669,"remaining_time":3.220570484},
{"learn":[0.3749464518],"iteration":267,"passed_time":1.176991642,"remaining_time":3.214768215},
{"learn":[0.3745740831],"iteration":268,"passed_time":1.180918011,"remaining_time":3.209111769},
{"learn":[0.3745026313],"iteration":269,"passed_time":1.184779267,"remaining_time":3.203292093},
{"learn":[0.3743435872],"iteration":270,"passed_time":1.188954308,"remaining_time":3.198330961},
{"learn":[0.3741918403],"iteration":271,"passed_time":1.192920188,"remaining_time":3.192815798},
{"learn":[0.3741073405],"iteration":272,"passed_time":1.19714055,"remaining_time":3.187989669},
{"learn":[0.3739370117],"iteration":273,"passed_time":1.201050098,"remaining_time":3.182344421},
{"learn":[0.3738717448],"iteration":274,"passed_time":1.206565732,"remaining_time":3.180946021},
{"learn":[0.3737695855],"iteration":275,"passed_time":1.213890336,"remaining_time":3.184263054},
{"learn":[0.3736336806],"iteration":276,"passed_time":1.221972267,"remaining_time":3.189479959},
{"learn":[0.373534668],"iteration":277,"passed_time":1.226074892,"remaining_time":3.184266445},
{"learn":[0.3734134928],"iteration":278,"passed_time":1.229697764,"remaining_time":3.177821102},
{"learn":[0.3732926432],"iteration":279,"passed_time":1.233212462,"remaining_time":3.171117758},
{"learn":[0.3731634928],"iteration":280,"passed_time":1.237303359,"remaining_time":3.165911443},
{"learn":[0.373088406],"iteration":281,"passed_time":1.241227023,"remaining_time":3.160287242},
{"learn":[0.3729458008],"iteration":282,"passed_time":1.245139632,"remaining_time":3.154647053},
{"learn":[0.3727828505],"iteration":283,"passed_time":1.249126612,"remaining_time":3.149206529},
{"learn":[0.3726147461],"iteration":284,"passed_time":1.253195963,"remaining_time":3.143982854},
{"learn":[0.3725291612],"iteration":285,"passed_time":1.257146722,"remaining_time":3.138471187},
{"learn":[0.3723732639],"iteration":286,"passed_time":1.260963981,"remaining_time":3.132638741},
{"learn":[0.3721891819],"iteration":287,"passed_time":1.265029238,"remaining_time":3.127433394},
{"learn":[0.3721463216],"iteration":288,"passed_time":1.269661403,"remaining_time":3.12363065},
{"learn":[0.3718897569],"iteration":289,"passed_time":1.273861507,"remaining_time":3.11876438},
{"learn":[0.3716679688],"iteration":290,"passed_time":1.277820312,"remaining_time":3.11331478},
{"learn":[0.3715925564],"iteration":291,"passed_time":1.281948355,"remaining_time":3.108285737},
{"learn":[0.3714970432],"iteration":292,"passed_time":1.285881846,"remaining_time":3.102793396},
{"learn":[0.3713649089],"iteration":293,"passed_time":1.289866144,"remaining_time":3.097433666},
{"learn":[0.3711815592],"iteration":294,"passed_time":1.293856683,"remaining_time":3.092098174},
{"learn":[0.3710087348],"iteration":295,"passed_time":1.297700679,"remaining_time":3.086423236},
{"learn":[0.3709155273],"iteration":296,"passed_time":1.301421115,"remaining_time":3.08046816},
{"learn":[0.370772678],"iteration":297,"passed_time":1.305306246,"remaining_time":3.074916055},
{"learn":[0.3706751302],"iteration":298,"passed_time":1.309259451,"remaining_time":3.0695347},
{"learn":[0.3704715712],"iteration":299,"passed_time":1.313245788,"remaining_time":3.064240171},
{"learn":[0.3703523492],"iteration":300,"passed_time":1.317089031,"remaining_time":3.058622036},
{"learn":[0.370185357],"iteration":301,"passed_time":1.321104279,"remaining_time":3.053413202},
{"learn":[0.3701029731],"iteration":302,"passed_time":1.324951482,"remaining_time":3.047825687},
{"learn":[0.3700210503],"iteration":303,"passed_time":1.32883881,"remaining_time":3.042341486},
{"learn":[0.3697964681],"iteration":304,"passed_time":1.332682998,"remaining_time":3.036769454},
{"learn":[0.3696899957],"iteration":305,"passed_time":1.336712156,"remaining_time":3.031628222},
{"learn":[0.3695861003],"iteration":306,"passed_time":1.34066098,"remaining_time":3.026312897},
{"learn":[0.3694767253],"iteration":307,"passed_time":1.345269127,"remaining_time":3.022487779},
{"learn":[0.3694062771],"iteration":308,"passed_time":1.349186351,"remaining_time":3.01711252},
{"learn":[0.3692950304],"iteration":309,"passed_time":1.353227409,"remaining_time":3.012022298},
{"learn":[0.3692412109],"iteration":310,"passed_time":1.357167609,"remaining_time":3.006715378},
{"learn":[0.3690582954],"iteration":311,"passed_time":1.361173548,"remaining_time":3.001562184},
{"learn":[0.3689323459],"iteration":312,"passed_time":1.365009225,"remaining_time":2.996042611},
{"learn":[0.3688580729],"iteration":313,"passed_time":1.368926237,"remaining_time":2.99071146},
{"learn":[0.368715549],"iteration":314,"passed_time":1.372952836,"remaining_time":2.985627596},
{"learn":[0.368617947],"iteration":315,"passed_time":1.37700439,"remaining_time":2.980604439},
{"learn":[0.3685504557],"iteration":316,"passed_time":1.380959574,"remaining_time":2.975379775},
{"learn":[0.3684704319],"iteration":317,"passed_time":1.38824189,"remaining_time":2.977298646},
{"learn":[0.3683015951],"iteration":318,"passed_time":1.394798771,"remaining_time":2.977611169},
{"learn":[0.3682316623],"iteration":319,"passed_time":1.399865237,"remaining_time":2.974713628},
{"learn":[0.368154324],"iteration":320,"passed_time":1.403982701,"remaining_time":2.969795185},
{"learn":[0.3680357802],"iteration":321,"passed_time":1.40765643,"remaining_time":2.96394739},
{"learn":[0.3679145508],"iteration":322,"passed_time":1.41276278,"remaining_time":2.961115796},
{"learn":[0.3677992893],"iteration":323,"passed_time":1.422203708,"remaining_time":2.96731391},
{"learn":[0.3676596408],"iteration":324,"passed_time":1.425842508,"remaining_time":2.961365209},
{"learn":[0.3675439996],"iteration":325,"passed_time":1.429424608,"remaining_time":2.955313454},
{"learn":[0.3674322374],"iteration":326,"passed_time":1.433004772,"remaining_time":2.949272818},
{"learn":[0.3673297526],"iteration":327,"passed_time":1.436489064,"remaining_time":2.943050765},
{"learn":[0.3671414931],"iteration":328,"passed_time":1.439994485,"remaining_time":2.936888448},
{"learn":[0.3669866536],"iteration":329,"passed_time":1.443814207,"remaining_time":2.931380359},
{"learn":[0.3668905165],"iteration":330,"passed_time":1.447265394,"remaining_time":2.92513761},
{"learn":[0.3666851942],"iteration":331,"passed_time":1.451706039,"remaining_time":2.920902512},
{"learn":[0.366523112],"iteration":332,"passed_time":1.45533994,"remaining_time":2.91505027},
{"learn":[0.3664284397],"iteration":333,"passed_time":1.459241642,"remaining_time":2.90974531},
{"learn":[0.3663499078],"iteration":334,"passed_time":1.463233622,"remaining_time":2.904627936},
{"learn":[0.3662530111],"iteration":335,"passed_time":1.4668408,"remaining_time":2.898756818},
{"learn":[0.3661275499],"iteration":336,"passed_time":1.470516469,"remaining_time":2.893033885},
{"learn":[0.3659550781],"iteration":337,"passed_time":1.474401445,"remaining_time":2.887733008},
{"learn":[0.3658459473],"iteration":338,"passed_time":1.478026377,"remaining_time":2.881933437},
{"learn":[0.3657138943],"iteration":339,"passed_time":1.481636855,"remaining_time":2.8761186},
{"learn":[0.3655920139],"iteration":340,"passed_time":1.485217781,"remaining_time":2.870259582},
{"learn":[0.3654235569],"iteration":341,"passed_time":1.488776125,"remaining_time":2.864370438},
{"learn":[0.3653537598],"iteration":342,"passed_time":1.492898562,"remaining_time":2.859575379},
{"learn":[0.3651820204],"iteration":343,"passed_time":1.496639103,"remaining_time":2.854055963},
{"learn":[0.3651120877],"iteration":344,"passed_time":1.500297562,"remaining_time":2.848391024},
{"learn":[0.3649057617],"iteration":345,"passed_time":1.504077915,"remaining_time":2.842968082},
{"learn":[0.3647338867],"iteration":346,"passed_time":1.507684849,"remaining_time":2.83722826},
{"learn":[0.3645711806],"iteration":347,"passed_time":1.511230239,"remaining_time":2.83138539},
{"learn":[0.3644647895],"iteration":348,"passed_time":1.514825397,"remaining_time":2.82564852},
{"learn":[0.3641665039],"iteration":349,"passed_time":1.518731599,"remaining_time":2.820501541},
{"learn":[0.3639866536],"iteration":350,"passed_time":1.522710545,"remaining_time":2.815496136},
{"learn":[0.3638473579],"iteration":351,"passed_time":1.526323361,"remaining_time":2.809822552},
{"learn":[0.3637751736],"iteration":352,"passed_time":1.530042061,"remaining_time":2.804354712},
{"learn":[0.3636826443],"iteration":353,"passed_time":1.534037606,"remaining_time":2.799401959},
{"learn":[0.3636445041],"iteration":354,"passed_time":1.538137231,"remaining_time":2.794643702},
{"learn":[0.3635373535],"iteration":355,"passed_time":1.542278198,"remaining_time":2.789963931},
{"learn":[0.3633152669],"iteration":356,"passed_time":1.548085577,"remaining_time":2.788288588},
{"learn":[0.3631875],"iteration":357,"passed_time":1.552225503,"remaining_time":2.783599924},
{"learn":[0.3631141764],"iteration":358,"passed_time":1.555777732,"remaining_time":2.777864976},
{"learn":[0.3629630534],"iteration":359,"passed_time":1.55945857,"remaining_time":2.772370791},
{"learn":[0.3628654243],"iteration":360,"passed_time":1.563071399,"remaining_time":2.766766272},
{"learn":[0.3628141547],"iteration":361,"passed_time":1.566675668,"remaining_time":2.761157668},
{"learn":[0.3626693793],"iteration":362,"passed_time":1.570335527,"remaining_time":2.75565766},
{"learn":[0.3625991211],"iteration":363,"passed_time":1.574032054,"remaining_time":2.75023183},
{"learn":[0.3625035536],"iteration":364,"passed_time":1.577679096,"remaining_time":2.744729386},
{"learn":[0.3622644043],"iteration":365,"passed_time":1.581877049,"remaining_time":2.740191391},
{"learn":[0.3621058485],"iteration":366,"passed_time":1.585918694,"remaining_time":2.735385649},
{"learn":[0.3620106879],"iteration":367,"passed_time":1.589682091,"remaining_time":2.7301062},
{"learn":[0.3619022081],"iteration":368,"passed_time":1.593518161,"remaining_time":2.72495924},
{"learn":[0.3619020182],"iteration":369,"passed_time":1.594867075,"remaining_time":2.715584479},
{"learn":[0.3617528212],"iteration":370,"passed_time":1.598462702,"remaining_time":2.710062101},
{"learn":[0.3615364041],"iteration":371,"passed_time":1.602023512,"remaining_time":2.704491305},
{"learn":[0.3614666884],"iteration":372,"passed_time":1.605747272,"remaining_time":2.699205199},
{"learn":[0.3614253472],"iteration":373,"passed_time":1.608497741,"remaining_time":2.692298358},
{"learn":[0.3613201769],"iteration":374,"passed_time":1.612112013,"remaining_time":2.686853355},
{"learn":[0.3611840549],"iteration":375,"passed_time":1.616152682,"remaining_time":2.682125727},
{"learn":[0.3610608995],"iteration":376,"passed_time":1.62018442,"remaining_time":2.677386986},
{"learn":[0.3609814453],"iteration":377,"passed_time":1.624409371,"remaining_time":2.672969918},
{"learn":[0.3608068034],"iteration":378,"passed_time":1.628360297,"remaining_time":2.668104867},
{"learn":[0.3606898872],"iteration":379,"passed_time":1.632303655,"remaining_time":2.66323228},
{"learn":[0.3605985243],"iteration":380,"passed_time":1.636387246,"remaining_time":2.658592402},
{"learn":[0.3605137261],"iteration":381,"passed_time":1.6404839,"remaining_time":2.653976572},
{"learn":[0.3604127604],"iteration":382,"passed_time":1.644401819,"remaining_time":2.649075515},
{"learn":[0.360335829],"iteration":383,"passed_time":1.648323573,"remaining_time":2.644185732},
{"learn":[0.3602364366],"iteration":384,"passed_time":1.652333554,"remaining_time":2.639441911},
{"learn":[0.3600909288],"iteration":385,"passed_time":1.656285133,"remaining_time":2.634608993},
{"learn":[0.3598521864],"iteration":386,"passed_time":1.661787179,"remaining_time":2.632236539},
{"learn":[0.3597316081],"iteration":387,"passed_time":1.669255078,"remaining_time":2.632948731},
{"learn":[0.3596574164],"iteration":388,"passed_time":1.673786385,"remaining_time":2.629006379},
{"learn":[0.3595310059],"iteration":389,"passed_time":1.677465284,"remaining_time":2.623727752},
{"learn":[0.3594565972],"iteration":390,"passed_time":1.681401932,"remaining_time":2.618858764},
{"learn":[0.3593493381],"iteration":391,"passed_time":1.68547565,"remaining_time":2.61420713},
{"learn":[0.3591665039],"iteration":392,"passed_time":1.689154471,"remaining_time":2.608948509},
{"learn":[0.3591199273],"iteration":393,"passed_time":1.692747793,"remaining_time":2.603566402},
{"learn":[0.3590472548],"iteration":394,"passed_time":1.696262284,"remaining_time":2.598072612},
{"learn":[0.3588652886],"iteration":395,"passed_time":1.699837545,"remaining_time":2.592681508},
{"learn":[0.3587468804],"iteration":396,"passed_time":1.703469499,"remaining_time":2.587385663},
{"learn":[0.3584947374],"iteration":397,"passed_time":1.70729123,"remaining_time":2.582385228},
{"learn":[0.3583918186],"iteration":398,"passed_time":1.714976591,"remaining_time":2.583210354},
{"learn":[0.3582895237],"iteration":399,"passed_time":1.720757948,"remaining_time":2.581136923},
{"learn":[0.3582355414],"iteration":400,"passed_time":1.72280705,"remaining_time":2.573469883},
{"learn":[0.3580823839],"iteration":401,"passed_time":1.726386365,"remaining_time":2.568107081},
{"learn":[0.3579630534],"iteration":402,"passed_time":1.729959088,"remaining_time":2.562743364},
{"learn":[0.3577979058],"iteration":403,"passed_time":1.733674592,"remaining_time":2.557599151},
{"learn":[0.3576479763],"iteration":404,"passed_time":1.7373207,"remaining_time":2.55236004},
{"learn":[0.3575977105],"iteration":405,"passed_time":1.741240251,"remaining_time":2.54752884},
{"learn":[0.3574606391],"iteration":406,"passed_time":1.745007897,"remaining_time":2.542480794},
{"learn":[0.357374349],"iteration":407,"passed_time":1.748756664,"remaining_time":2.53741163},
{"learn":[0.3572746039],"iteration":408,"passed_time":1.75251836,"remaining_time":2.532367605},
{"learn":[0.3570542535],"iteration":409,"passed_time":1.756041731,"remaining_time":2.526986881},
{"learn":[0.3569494358],"iteration":410,"passed_time":1.75961,"remaining_time":2.521679538},
{"learn":[0.3568069119],"iteration":411,"passed_time":1.763776432,"remaining_time":2.517234325},
{"learn":[0.356684082],"iteration":412,"passed_time":1.767449797,"remaining_time":2.512089663},
{"learn":[0.3565125054],"iteration":413,"passed_time":1.771608999,"remaining_time":2.507639791},
{"learn":[0.3564358181],"iteration":414,"passed_time":1.775458656,"remaining_time":2.502754972},
{"learn":[0.3563032769],"iteration":415,"passed_time":1.779240203,"remaining_time":2.497779516},
{"learn":[0.3561375597],"iteration":416,"passed_time":1.783380692,"remaining_time":2.493311615},
{"learn":[0.3560535753],"iteration":417,"passed_time":1.787246514,"remaining_time":2.488462849},
{"learn":[0.3559406467],"iteration":418,"passed_time":1.791303849,"remaining_time":2.483884335},
{"learn":[0.3558164334],"iteration":419,"passed_time":1.795295974,"remaining_time":2.47921825},
{"learn":[0.3557524685],"iteration":420,"passed_time":1.799216005,"remaining_time":2.474456216},
{"learn":[0.3555393066],"iteration":421,"passed_time":1.803321355,"remaining_time":2.469951999},
{"learn":[0.3554738498],"iteration":422,"passed_time":1.807345964,"remaining_time":2.46533953},
{"learn":[0.355355523],"iteration":423,"passed_time":1.810951844,"remaining_time":2.460160996},
{"learn":[0.3551597765],"iteration":424,"passed_time":1.81459207,"remaining_time":2.45503633},
{"learn":[0.3550511068],"iteration":425,"passed_time":1.821497284,"remaining_time":2.454317937},
{"learn":[0.3549118652],"iteration":426,"passed_time":1.825965434,"remaining_time":2.450300219},
{"learn":[0.354800076],"iteration":427,"passed_time":1.830115222,"remaining_time":2.445854923},
{"learn":[0.3546965061],"iteration":428,"passed_time":1.834133182,"remaining_time":2.441235541},
{"learn":[0.3545890842],"iteration":429,"passed_time":1.838080028,"remaining_time":2.436524688},
{"learn":[0.3544596354],"iteration":430,"passed_time":1.841976032,"remaining_time":2.43175026},
{"learn":[0.3542849121],"iteration":431,"passed_time":1.845913952,"remaining_time":2.427035011},
{"learn":[0.3541314019],"iteration":432,"passed_time":1.849673977,"remaining_time":2.422090404},
{"learn":[0.354066135],"iteration":433,"passed_time":1.854710498,"remaining_time":2.418815995},
{"learn":[0.3539406467],"iteration":434,"passed_time":1.858651514,"remaining_time":2.414110587},
{"learn":[0.3538663466],"iteration":435,"passed_time":1.862352897,"remaining_time":2.409098702},
{"learn":[0.3538094076],"iteration":436,"passed_time":1.866233341,"remaining_time":2.404323503},
{"learn":[0.353617079],"iteration":437,"passed_time":1.869949151,"remaining_time":2.399341148},
{"learn":[0.3535239258],"iteration":438,"passed_time":1.873842011,"remaining_time":2.394590816},
{"learn":[0.3533739963],"iteration":439,"passed_time":1.880100822,"remaining_time":2.392855591},
{"learn":[0.3531121962],"iteration":440,"passed_time":1.888747375,"remaining_time":2.394126491},
{"learn":[0.3528562554],"iteration":441,"passed_time":1.892604361,"remaining_time":2.389305958},
{"learn":[0.3526946072],"iteration":442,"passed_time":1.89799134,"remaining_time":2.386413491},
{"learn":[0.3524704861],"iteration":443,"passed_time":1.901968275,"remaining_time":2.381744056},
{"learn":[0.3524100477],"iteration":444,"passed_time":1.908385384,"remaining_time":2.380121097},
{"learn":[0.3523264431],"iteration":445,"passed_time":1.923493049,"remaining_time":2.389271634},
{"learn":[0.3521893989],"iteration":446,"passed_time":1.930036707,"remaining_time":2.38771879},
{"learn":[0.3519675836],"iteration":447,"passed_time":1.939096941,"remaining_time":2.389244445},
{"learn":[0.3518337674],"iteration":448,"passed_time":1.942751011,"remaining_time":2.384088658},
{"learn":[0.3517405599],"iteration":449,"passed_time":1.946381741,"remaining_time":2.378911017},
{"learn":[0.3516456163],"iteration":450,"passed_time":1.950021596,"remaining_time":2.373751344},
{"learn":[0.351592475],"iteration":451,"passed_time":1.953801249,"remaining_time":2.368767887},
{"learn":[0.3515115017],"iteration":452,"passed_time":1.957357198,"remaining_time":2.363519619},
{"learn":[0.3514458008],"iteration":453,"passed_time":1.960900429,"remaining_time":2.358263512},
{"learn":[0.3512859701],"iteration":454,"passed_time":1.96460911,"remaining_time":2.35321311},
{"learn":[0.3511626519],"iteration":455,"passed_time":1.968800179,"remaining_time":2.348744073},
{"learn":[0.3510050998],"iteration":456,"passed_time":1.972907734,"remaining_time":2.344177023},
{"learn":[0.3509237739],"iteration":457,"passed_time":1.977368643,"remaining_time":2.340030141},
{"learn":[0.3508219401],"iteration":458,"passed_time":1.981234116,"remaining_time":2.33518008},
{"learn":[0.3506453451],"iteration":459,"passed_time":1.985129962,"remaining_time":2.330369956},
{"learn":[0.3505925836],"iteration":460,"passed_time":1.988806934,"remaining_time":2.32530789},
{"learn":[0.3505187446],"iteration":461,"passed_time":1.992578207,"remaining_time":2.320361634},
{"learn":[0.3503924154],"iteration":462,"passed_time":1.996534456,"remaining_time":2.315634995},
{"learn":[0.3502943793],"iteration":463,"passed_time":2.000298386,"remaining_time":2.310689515},
{"learn":[0.3501111111],"iteration":464,"passed_time":2.004614661,"remaining_time":2.30638461},
{"learn":[0.3500020074],"iteration":465,"passed_time":2.00845767,"remaining_time":2.30153733},
{"learn":[0.3499508192],"iteration":466,"passed_time":2.012015868,"remaining_time":2.296369288},
{"learn":[0.3497999674],"iteration":467,"passed_time":2.015719938,"remaining_time":2.291373947},
{"learn":[0.3497659505],"iteration":468,"passed_time":2.01943282,"remaining_time":2.286394089},
{"learn":[0.3495882161],"iteration":469,"passed_time":2.023197188,"remaining_time":2.28147768},
{"learn":[0.3495700955],"iteration":470,"passed_time":2.025350339,"remaining_time":2.274756538},
{"learn":[0.3493256293],"iteration":471,"passed_time":2.029072103,"remaining_time":2.269809471},
{"learn":[0.3492010362],"iteration":472,"passed_time":2.032949304,"remaining_time":2.265040768},
{"learn":[0.3491406521],"iteration":473,"passed_time":2.036565928,"remaining_time":2.259986663},
{"learn":[0.3490628255],"iteration":474,"passed_time":2.040215596,"remaining_time":2.254975133},
{"learn":[0.3489339193],"iteration":475,"passed_time":2.047294617,"remaining_time":2.253744495},
{"learn":[0.3488048774],"iteration":476,"passed_time":2.051917193,"remaining_time":2.249796},
{"learn":[0.3487125109],"iteration":477,"passed_time":2.055475094,"remaining_time":2.244682007},
{"learn":[0.3486497938],"iteration":478,"passed_time":2.059167613,"remaining_time":2.239720931},
{"learn":[0.3485763889],"iteration":479,"passed_time":2.063080873,"remaining_time":2.235004279},
{"learn":[0.3484753689],"iteration":480,"passed_time":2.067124219,"remaining_time":2.230431329},
{"learn":[0.3483113607],"iteration":481,"passed_time":2.070979189,"remaining_time":2.225658132},
{"learn":[0.3482128635],"iteration":482,"passed_time":2.074909155,"remaining_time":2.220969012},
{"learn":[0.3481081814],"iteration":483,"passed_time":2.078507592,"remaining_time":2.215929581},
{"learn":[0.3479462348],"iteration":484,"passed_time":2.082352958,"remaining_time":2.211158296},
{"learn":[0.3478225369],"iteration":485,"passed_time":2.086085709,"remaining_time":2.206271717},
{"learn":[0.347692844],"iteration":486,"passed_time":2.089746497,"remaining_time":2.201314072},
{"learn":[0.3475440538],"iteration":487,"passed_time":2.093422461,"remaining_time":2.196377664},
{"learn":[0.3474424099],"iteration":488,"passed_time":2.09700764,"remaining_time":2.191351542},
{"learn":[0.3473329536],"iteration":489,"passed_time":2.101056607,"remaining_time":2.186814019},
{"learn":[0.3471709527],"iteration":490,"passed_time":2.104847451,"remaining_time":2.182010902},
{"learn":[0.3471241591],"iteration":491,"passed_time":2.108841112,"remaining_time":2.177421311},
{"learn":[0.3470619575],"iteration":492,"passed_time":2.112958891,"remaining_time":2.17296178},
{"learn":[0.3469225532],"iteration":493,"passed_time":2.117027483,"remaining_time":2.168453252},
{"learn":[0.3468472765],"iteration":494,"passed_time":2.120922671,"remaining_time":2.163769594},
{"learn":[0.3467500543],"iteration":495,"passed_time":2.124809243,"remaining_time":2.15908036},
{"learn":[0.3466679687],"iteration":496,"passed_time":2.129389389,"remaining_time":2.155096303},
{"learn":[0.3465656467],"iteration":497,"passed_time":2.133354451,"remaining_time":2.150489828},
{"learn":[0.346437717],"iteration":498,"passed_time":2.137500916,"remaining_time":2.146068054},
{"learn":[0.3463034939],"iteration":499,"passed_time":2.141527365,"remaining_time":2.141527365},
{"learn":[0.3461346571],"iteration":500,"passed_time":2.14547407,"remaining_time":2.136909303},
{"learn":[0.3459890408],"iteration":501,"passed_time":2.149417211,"remaining_time":2.13229038},
{"learn":[0.3458318956],"iteration":502,"passed_time":2.153516445,"remaining_time":2.127828376},
{"learn":[0.3457229275],"iteration":503,"passed_time":2.157554382,"remaining_time":2.123307487},
{"learn":[0.3456046007],"iteration":504,"passed_time":2.161476682,"remaining_time":2.118675164},
{"learn":[0.3455521376],"iteration":505,"passed_time":2.16541234,"remaining_time":2.114058688},
{"learn":[0.3454385579],"iteration":506,"passed_time":2.169283828,"remaining_time":2.109382499},
{"learn":[0.3453591851],"iteration":507,"passed_time":2.173093443,"remaining_time":2.104649555},
{"learn":[0.3453183322],"iteration":508,"passed_time":2.176873892,"remaining_time":2.099892104},
{"learn":[0.3452040744],"iteration":509,"passed_time":2.182517796,"remaining_time":2.096928863},
{"learn":[0.345113227],"iteration":510,"passed_time":2.187558362,"remaining_time":2.093377767},
{"learn":[0.3450140788],"iteration":511,"passed_time":2.191282813,"remaining_time":2.088566431},
{"learn":[0.3448385417],"iteration":512,"passed_time":2.194988761,"remaining_time":2.083741767},
{"learn":[0.3447303874],"iteration":513,"passed_time":2.198555468,"remaining_time":2.078789801},
{"learn":[0.3446875],"iteration":514,"passed_time":2.20225246,"remaining_time":2.073965909},
{"learn":[0.3445883518],"iteration":515,"passed_time":2.21137449,"remaining_time":2.074234986},
{"learn":[0.3444478353],"iteration":516,"passed_time":2.215482663,"remaining_time":2.06978361},
{"learn":[0.3443610569],"iteration":517,"passed_time":2.219111671,"remaining_time":2.064887694},
{"learn":[0.3442020399],"iteration":518,"passed_time":2.222704142,"remaining_time":2.059962798},
{"learn":[0.3441419542],"iteration":519,"passed_time":2.226557269,"remaining_time":2.055283633},
{"learn":[0.344060791],"iteration":520,"passed_time":2.230649927,"remaining_time":2.05082786},
{"learn":[0.3439641927],"iteration":521,"passed_time":2.234757697,"remaining_time":2.046387316},
{"learn":[0.343898763],"iteration":522,"passed_time":2.238714755,"remaining_time":2.041810589},
{"learn":[0.3438207737],"iteration":523,"passed_time":2.242809221,"remaining_time":2.037361048},
{"learn":[0.3437092556],"iteration":524,"passed_time":2.246938893,"remaining_time":2.032944713},
{"learn":[0.3436498481],"iteration":525,"passed_time":2.251134114,"remaining_time":2.028588537},
{"learn":[0.3435439453],"iteration":526,"passed_time":2.255176753,"remaining_time":2.024096023},
{"learn":[0.343452474],"iteration":527,"passed_time":2.259097101,"remaining_time":2.019495893},
{"learn":[0.3433928494],"iteration":528,"passed_time":2.262962777,"remaining_time":2.014849656},
{"learn":[0.3432677409],"iteration":529,"passed_time":2.26767648,"remaining_time":2.010958388},
{"learn":[0.3432127821],"iteration":530,"passed_time":2.271270618,"remaining_time":2.006075179},
{"learn":[0.3431105143],"iteration":531,"passed_time":2.274847747,"remaining_time":2.001181852},
{"learn":[0.3429844293],"iteration":532,"passed_time":2.27862962,"remaining_time":1.996472857},
{"learn":[0.3428802083],"iteration":533,"passed_time":2.282076498,"remaining_time":1.991474997},
{"learn":[0.3427897949],"iteration":534,"passed_time":2.285837762,"remaining_time":1.986756186},
{"learn":[0.3426615668],"iteration":535,"passed_time":2.289631434,"remaining_time":1.982069003},
{"learn":[0.3425953234],"iteration":536,"passed_time":2.29317171,"remaining_time":1.97716667},
{"learn":[0.3424762912],"iteration":537,"passed_time":2.296713086,"remaining_time":1.972270345},
{"learn":[0.3424052734],"iteration":538,"passed_time":2.300341017,"remaining_time":1.967453077},
{"learn":[0.3423112793],"iteration":539,"passed_time":2.304123889,"remaining_time":1.962772202},
{"learn":[0.3422154948],"iteration":540,"passed_time":2.307844683,"remaining_time":1.958041977},
{"learn":[0.3421122504],"iteration":541,"passed_time":2.311492952,"remaining_time":1.953254192},
{"learn":[0.3420246582],"iteration":542,"passed_time":2.315083728,"remaining_time":1.948422217},
{"learn":[0.3419392904],"iteration":543,"passed_time":2.318662488,"remaining_time":1.943584733},
{"learn":[0.341835829],"iteration":544,"passed_time":2.322112326,"remaining_time":1.938644236},
{"learn":[0.3417501628],"iteration":545,"passed_time":2.325626554,"remaining_time":1.933762739},
{"learn":[0.341709337],"iteration":546,"passed_time":2.329178686,"remaining_time":1.928917632},
{"learn":[0.3415978733],"iteration":547,"passed_time":2.332839515,"remaining_time":1.924166899},
{"learn":[0.3414825846],"iteration":548,"passed_time":2.336579959,"remaining_time":1.91948554},
{"learn":[0.3414066026],"iteration":549,"passed_time":2.340044431,"remaining_time":1.914581807},
{"learn":[0.3413177083],"iteration":550,"passed_time":2.34355113,"remaining_time":1.909717708},
{"learn":[0.3412226834],"iteration":551,"passed_time":2.347182906,"remaining_time":1.904960039},
{"learn":[0.3410638563],"iteration":552,"passed_time":2.35079703,"remaining_time":1.900192174},
{"learn":[0.3409734701],"iteration":553,"passed_time":2.354334857,"remaining_time":1.895367051},
{"learn":[0.3408882921],"iteration":554,"passed_time":2.358032467,"remaining_time":1.890674681},
{"learn":[0.3407493761],"iteration":555,"passed_time":2.3616818,"remaining_time":1.885947336},
{"learn":[0.3406827799],"iteration":556,"passed_time":2.365142221,"remaining_time":1.881073616},
{"learn":[0.3405781521],"iteration":557,"passed_time":2.368586181,"remaining_time":1.876191921},
{"learn":[0.3404430881],"iteration":558,"passed_time":2.3808478,"remaining_time":1.878271699},
{"learn":[0.340341607],"iteration":559,"passed_time":2.384573276,"remaining_time":1.873593289},
{"learn":[0.3402438151],"iteration":560,"passed_time":2.388279232,"remaining_time":1.868903},
{"learn":[0.3401930881],"iteration":561,"passed_time":2.391805113,"remaining_time":1.864075871},
{"learn":[0.3401170519],"iteration":562,"passed_time":2.395663995,"remaining_time":1.859511839},
{"learn":[0.3400084907],"iteration":563,"passed_time":2.399369297,"remaining_time":1.854831584},
{"learn":[0.339941786],"iteration":564,"passed_time":2.402860418,"remaining_time":1.849989879},
{"learn":[0.3397815213],"iteration":565,"passed_time":2.406604191,"remaining_time":1.845346677},
{"learn":[0.3396668566],"iteration":566,"passed_time":2.410517136,"remaining_time":1.840835838},
{"learn":[0.3395753581],"iteration":567,"passed_time":2.414424515,"remaining_time":1.836322871},
{"learn":[0.3394743381],"iteration":568,"passed_time":2.418234714,"remaining_time":1.831738421},
{"learn":[0.3393354221],"iteration":569,"passed_time":2.422159511,"remaining_time":1.82724314},
{"learn":[0.3392123752],"iteration":570,"passed_time":2.426231839,"remaining_time":1.822860699},
{"learn":[0.3391171332],"iteration":571,"passed_time":2.430077492,"remaining_time":1.818309732},
{"learn":[0.3390524631],"iteration":572,"passed_time":2.434075472,"remaining_time":1.813874741},
{"learn":[0.3389640299],"iteration":573,"passed_time":2.438038231,"remaining_time":1.809415133},
{"learn":[0.3388552517],"iteration":574,"passed_time":2.442203524,"remaining_time":1.805106952},
{"learn":[0.3387409397],"iteration":575,"passed_time":2.446081542,"remaining_time":1.800587802},
{"learn":[0.3386426866],"iteration":576,"passed_time":2.449982113,"remaining_time":1.796087407},
{"learn":[0.3385802409],"iteration":577,"passed_time":2.45394084,"remaining_time":1.791631547},
{"learn":[0.3384660645],"iteration":578,"passed_time":2.457884016,"remaining_time":1.787166098},
{"learn":[0.3383151313],"iteration":579,"passed_time":2.461752524,"remaining_time":1.78264838},
{"learn":[0.3381869575],"iteration":580,"passed_time":2.465680216,"remaining_time":1.778175577},
{"learn":[0.3381195475],"iteration":581,"passed_time":2.469503066,"remaining_time":1.77362935},
{"learn":[0.3380299479],"iteration":582,"passed_time":2.473435653,"remaining_time":1.769164095},
{"learn":[0.337904541],"iteration":583,"passed_time":2.479964861,"remaining_time":1.766550312},
{"learn":[0.3377800293],"iteration":584,"passed_time":2.487678136,"remaining_time":1.764763122},
{"learn":[0.3376602105],"iteration":585,"passed_time":2.491868431,"remaining_time":1.760466776},
{"learn":[0.3375103082],"iteration":586,"passed_time":2.495552682,"remaining_time":1.755814749},
{"learn":[0.337441786],"iteration":587,"passed_time":2.499047908,"remaining_time":1.751033568},
{"learn":[0.3372734646],"iteration":588,"passed_time":2.502773522,"remaining_time":1.746417517},
{"learn":[0.3371512587],"iteration":589,"passed_time":2.506384039,"remaining_time":1.741724502},
{"learn":[0.3370289442],"iteration":590,"passed_time":2.509981797,"remaining_time":1.73702632},
{"learn":[0.3368647732],"iteration":591,"passed_time":2.513435507,"remaining_time":1.732232579},
{"learn":[0.3367607693],"iteration":592,"passed_time":2.517088643,"remaining_time":1.727580232},
{"learn":[0.3366682129],"iteration":593,"passed_time":2.520681529,"remaining_time":1.722890069},
{"learn":[0.3366025933],"iteration":594,"passed_time":2.524126881,"remaining_time":1.718103171},
{"learn":[0.3365167643],"iteration":595,"passed_time":2.528271024,"remaining_time":1.713794452},
{"learn":[0.3363820258],"iteration":596,"passed_time":2.53351341,"remaining_time":1.710227645},
{"learn":[0.3362765028],"iteration":597,"passed_time":2.537374706,"remaining_time":1.705726809},
{"learn":[0.3360604926],"iteration":598,"passed_time":2.540922909,"remaining_time":1.701018508},
{"learn":[0.3360035807],"iteration":599,"passed_time":2.544948946,"remaining_time":1.696632631},
{"learn":[0.3358389757],"iteration":600,"passed_time":2.550224884,"remaining_time":1.693077752},
{"learn":[0.3356865777],"iteration":601,"passed_time":2.555834601,"remaining_time":1.689737826},
{"learn":[0.3355834418],"iteration":602,"passed_time":2.56115995,"remaining_time":1.686203151},
{"learn":[0.3355298937],"iteration":603,"passed_time":2.564712824,"remaining_time":1.681500461},
{"learn":[0.3354283854],"iteration":604,"passed_time":2.56838347,"remaining_time":1.676878464},
{"learn":[0.3353551432],"iteration":605,"passed_time":2.571978337,"remaining_time":1.672210338},
{"learn":[0.3352716471],"iteration":606,"passed_time":2.576288684,"remaining_time":1.668008983},
{"learn":[0.335110026],"iteration":607,"passed_time":2.580611794,"remaining_time":1.663815499},
{"learn":[0.3350233832],"iteration":608,"passed_time":2.584201864,"remaining_time":1.65915095},
{"learn":[0.3349115126],"iteration":609,"passed_time":2.587861323,"remaining_time":1.654534289},
{"learn":[0.3348128255],"iteration":610,"passed_time":2.591632954,"remaining_time":1.649992175},
{"learn":[0.3347596029],"iteration":611,"passed_time":2.595185997,"remaining_time":1.645313998},
{"learn":[0.334656033],"iteration":612,"passed_time":2.598898588,"remaining_time":1.640740218},
{"learn":[0.3345960558],"iteration":613,"passed_time":2.602549146,"remaining_time":1.636130245},
{"learn":[0.334439426],"iteration":614,"passed_time":2.606156575,"remaining_time":1.631496393},
{"learn":[0.3342879232],"iteration":615,"passed_time":2.610313489,"remaining_time":1.627208409},
{"learn":[0.334150472],"iteration":616,"passed_time":2.614325584,"remaining_time":1.622830954},
{"learn":[0.3340492079],"iteration":617,"passed_time":2.618011889,"remaining_time":1.618253303},
{"learn":[0.3339553494],"iteration":618,"passed_time":2.622061304,"remaining_time":1.61390203},
{"learn":[0.333816135],"iteration":619,"passed_time":2.625595783,"remaining_time":1.609236125},
{"learn":[0.3336665039],"iteration":620,"passed_time":2.629331737,"remaining_time":1.604696825},
{"learn":[0.3335413411],"iteration":621,"passed_time":2.633000243,"remaining_time":1.600119119},
{"learn":[0.3334435764],"iteration":622,"passed_time":2.636672116,"remaining_time":1.595546369},
{"learn":[0.3333288845],"iteration":623,"passed_time":2.640520377,"remaining_time":1.591082791},
{"learn":[0.3331891276],"iteration":624,"passed_time":2.644110758,"remaining_time":1.586466455},
{"learn":[0.3331327311],"iteration":625,"passed_time":2.647830556,"remaining_time":1.581930716},
{"learn":[0.3330643989],"iteration":626,"passed_time":2.651517228,"remaining_time":1.577377872},
{"learn":[0.3328897569],"iteration":627,"passed_time":2.655046595,"remaining_time":1.572734607},
{"learn":[0.3327957628],"iteration":628,"passed_time":2.658618027,"remaining_time":1.568119695},
{"learn":[0.3326800673],"iteration":629,"passed_time":2.662273214,"remaining_time":1.563557285},
{"learn":[0.3325716688],"iteration":630,"passed_time":2.666024635,"remaining_time":1.559054026},
{"learn":[0.3324583062],"iteration":631,"passed_time":2.669725583,"remaining_time":1.554523757},
{"learn":[0.3323276096],"iteration":632,"passed_time":2.673255037,"remaining_time":1.54989668},
{"learn":[0.3322178277],"iteration":633,"passed_time":2.676886929,"remaining_time":1.545332202},
{"learn":[0.3320792101],"iteration":634,"passed_time":2.68242804,"remaining_time":1.541868086},
{"learn":[0.331976888],"iteration":635,"passed_time":2.686263181,"remaining_time":1.537421066},
{"learn":[0.3318892144],"iteration":636,"passed_time":2.689851277,"remaining_time":1.532835186},
{"learn":[0.33176199],"iteration":637,"passed_time":2.694082803,"remaining_time":1.528617515},
{"learn":[0.33157213],"iteration":638,"passed_time":2.698300985,"remaining_time":1.524392262},
{"learn":[0.3314704319],"iteration":639,"passed_time":2.702430309,"remaining_time":1.520117049},
{"learn":[0.3314220378],"iteration":640,"passed_time":2.706330358,"remaining_time":1.515713882},
{"learn":[0.3313085124],"iteration":641,"passed_time":2.710781347,"remaining_time":1.511619505},
{"learn":[0.33125727],"iteration":642,"passed_time":2.716099609,"remaining_time":1.508005537},
{"learn":[0.3311523438],"iteration":643,"passed_time":2.72188525,"remaining_time":1.504644641},
{"learn":[0.331044732],"iteration":644,"passed_time":2.727495843,"remaining_time":1.501179883},
{"learn":[0.3308889431],"iteration":645,"passed_time":2.73297172,"remaining_time":1.497634658},
{"learn":[0.3307673611],"iteration":646,"passed_time":2.740191901,"remaining_time":1.495035148},
{"learn":[0.3306595052],"iteration":647,"passed_time":2.746185792,"remaining_time":1.491755245},
{"learn":[0.3304870605],"iteration":648,"passed_time":2.749854155,"remaining_time":1.487209258},
{"learn":[0.3303164876],"iteration":649,"passed_time":2.753494224,"remaining_time":1.482650736},
{"learn":[0.3302415365],"iteration":650,"passed_time":2.757259281,"remaining_time":1.478162042},
{"learn":[0.330074273],"iteration":651,"passed_time":2.761077406,"remaining_time":1.473703892},
{"learn":[0.3299429525],"iteration":652,"passed_time":2.764874893,"remaining_time":1.469236735},
{"learn":[0.3298592665],"iteration":653,"passed_time":2.768716265,"remaining_time":1.464794844},
{"learn":[0.3297783474],"iteration":654,"passed_time":2.772365257,"remaining_time":1.460253456},
{"learn":[0.329660753],"iteration":655,"passed_time":2.778147876,"remaining_time":1.456833642},
{"learn":[0.3295131022],"iteration":656,"passed_time":2.782031133,"remaining_time":1.452415036},
{"learn":[0.3293876682],"iteration":657,"passed_time":2.785641877,"remaining_time":1.447856416},
{"learn":[0.3292686089],"iteration":658,"passed_time":2.789467494,"remaining_time":1.44341186},
{"learn":[0.3291592068],"iteration":659,"passed_time":2.793190276,"remaining_time":1.438916203},
{"learn":[0.3291116536],"iteration":660,"passed_time":2.796815981,"remaining_time":1.434373098},
{"learn":[0.3289927843],"iteration":661,"passed_time":2.800471678,"remaining_time":1.429848077},
{"learn":[0.3288488498],"iteration":662,"passed_time":2.804063444,"remaining_time":1.425293183},
{"learn":[0.3287736003],"iteration":663,"passed_time":2.807552019,"remaining_time":1.420688973},
{"learn":[0.3286101074],"iteration":664,"passed_time":2.8112463,"remaining_time":1.416191745},
{"learn":[0.328479248],"iteration":665,"passed_time":2.814840663,"remaining_time":1.411646819},
{"learn":[0.3283227268],"iteration":666,"passed_time":2.81847232,"remaining_time":1.407123362},
{"learn":[0.3282313911],"iteration":667,"passed_time":2.822090934,"remaining_time":1.402596093},
{"learn":[0.3281153158],"iteration":668,"passed_time":2.825863202,"remaining_time":1.398147563},
{"learn":[0.3280113118],"iteration":669,"passed_time":2.829588137,"remaining_time":1.393677739},
{"learn":[0.3278830838],"iteration":670,"passed_time":2.833294338,"remaining_time":1.38920095},
{"learn":[0.3278126085],"iteration":671,"passed_time":2.836910592,"remaining_time":1.384682551},
{"learn":[0.3276744792],"iteration":672,"passed_time":2.840337845,"remaining_time":1.380075},
{"learn":[0.3275704753],"iteration":673,"passed_time":2.844086947,"remaining_time":1.375626624},
{"learn":[0.3275036892],"iteration":674,"passed_time":2.847621374,"remaining_time":1.371076958},
{"learn":[0.3274201389],"iteration":675,"passed_time":2.851161944,"remaining_time":1.366533239},
{"learn":[0.327335612],"iteration":676,"passed_time":2.85482741,"remaining_time":1.362052073},
{"learn":[0.3272398817],"iteration":677,"passed_time":2.85844762,"remaining_time":1.357551819},
{"learn":[0.3271097819],"iteration":678,"passed_time":2.862006029,"remaining_time":1.353024942},
{"learn":[0.3270321723],"iteration":679,"passed_time":2.865500343,"remaining_time":1.34847075},
{"learn":[0.3269418945],"iteration":680,"passed_time":2.870813783,"remaining_time":1.344771801},
{"learn":[0.3268787164],"iteration":681,"passed_time":2.877980807,"remaining_time":1.3419324},
{"learn":[0.3267877604],"iteration":682,"passed_time":2.881726634,"remaining_time":1.337492449},
{"learn":[0.326649821],"iteration":683,"passed_time":2.885383404,"remaining_time":1.333013385},
{"learn":[0.3265544976],"iteration":684,"passed_time":2.889216611,"remaining_time":1.328617858},
{"learn":[0.326476237],"iteration":685,"passed_time":2.893078595,"remaining_time":1.324237141},
{"learn":[0.3262967122],"iteration":686,"passed_time":2.896910056,"remaining_time":1.319844029},
{"learn":[0.3261947157],"iteration":687,"passed_time":2.901901679,"remaining_time":1.315978668},
{"learn":[0.3261209852],"iteration":688,"passed_time":2.905712521,"remaining_time":1.311577059},
{"learn":[0.3259703776],"iteration":689,"passed_time":2.909345759,"remaining_time":1.30709737},
{"learn":[0.3259236654],"iteration":690,"passed_time":2.912973227,"remaining_time":1.30261755},
{"learn":[0.3258006185],"iteration":691,"passed_time":2.91701808,"remaining_time":1.298325966},
{"learn":[0.3256969944],"iteration":692,"passed_time":2.920739368,"remaining_time":1.293891755},
{"learn":[0.3256206868],"iteration":693,"passed_time":2.924290844,"remaining_time":1.289384724},
{"learn":[0.3255203451],"iteration":694,"passed_time":2.927824762,"remaining_time":1.284872737},
{"learn":[0.3253552517],"iteration":695,"passed_time":2.931658777,"remaining_time":1.280494638},
{"learn":[0.3252572157],"iteration":696,"passed_time":2.935207417,"remaining_time":1.275994042},
{"learn":[0.3252036675],"iteration":697,"passed_time":2.938804369,"remaining_time":1.271517077},
{"learn":[0.325109809],"iteration":698,"passed_time":2.942404511,"remaining_time":1.267044003},
{"learn":[0.3250158963],"iteration":699,"passed_time":2.946231981,"remaining_time":1.262670849},
{"learn":[0.3248687609],"iteration":700,"passed_time":2.950029055,"remaining_time":1.258286288},
{"learn":[0.3248237033],"iteration":701,"passed_time":2.954195869,"remaining_time":1.254060355},
{"learn":[0.3246821289],"iteration":702,"passed_time":2.95825144,"remaining_time":1.249787593},
{"learn":[0.3245832791],"iteration":703,"passed_time":2.962179641,"remaining_time":1.245461895},
{"learn":[0.3244556207],"iteration":704,"passed_time":2.966578554,"remaining_time":1.241334288},
{"learn":[0.3244137912],"iteration":705,"passed_time":2.978961504,"remaining_time":1.240530711},
{"learn":[0.3242586534],"iteration":706,"passed_time":2.983092555,"remaining_time":1.236274567},
{"learn":[0.3240833876],"iteration":707,"passed_time":2.986655576,"remaining_time":1.231784503},
{"learn":[0.3239828559],"iteration":708,"passed_time":2.990287524,"remaining_time":1.227325345},
{"learn":[0.3239089627],"iteration":709,"passed_time":2.99405472,"remaining_time":1.222923759},
{"learn":[0.3238007541],"iteration":710,"passed_time":2.997548047,"remaining_time":1.218412638},
{"learn":[0.3237164714],"iteration":711,"passed_time":3.001036789,"remaining_time":1.213902521},
{"learn":[0.3236361762],"iteration":712,"passed_time":3.004473961,"remaining_time":1.209374512},
{"learn":[0.3235714789],"iteration":713,"passed_time":3.007868704,"remaining_time":1.204832562},
{"learn":[0.3234283854],"iteration":714,"passed_time":3.011397807,"remaining_time":1.200347378},
{"learn":[0.3233357747],"iteration":715,"passed_time":3.014991924,"remaining_time":1.195890652},
{"learn":[0.3232280545],"iteration":716,"passed_time":3.01868046,"remaining_time":1.191473598},
{"learn":[0.3230528971],"iteration":717,"passed_time":3.022809786,"remaining_time":1.187231698},
{"learn":[0.3229714898],"iteration":718,"passed_time":3.026434404,"remaining_time":1.182792861},
{"learn":[0.3229076606],"iteration":719,"passed_time":3.03006516,"remaining_time":1.178358673},
{"learn":[0.3227623698],"iteration":720,"passed_time":3.039818216,"remaining_time":1.176295814},
{"learn":[0.3226452908],"iteration":721,"passed_time":3.04585311,"remaining_time":1.172780006},
{"learn":[0.3224940321],"iteration":722,"passed_time":3.049559608,"remaining_time":1.168365161},
{"learn":[0.322425944],"iteration":723,"passed_time":3.053207032,"remaining_time":1.163929752},
{"learn":[0.322340549],"iteration":724,"passed_time":3.057122769,"remaining_time":1.159598292},
{"learn":[0.3222449273],"iteration":725,"passed_time":3.060706726,"remaining_time":1.155142759},
{"learn":[0.3221245117],"iteration":726,"passed_time":3.06454754,"remaining_time":1.150786078},
{"learn":[0.322034668],"iteration":727,"passed_time":3.068499954,"remaining_time":1.14647251},
{"learn":[0.3219073351],"iteration":728,"passed_time":3.072359752,"remaining_time":1.142125504},
{"learn":[0.3218881293],"iteration":729,"passed_time":3.076240021,"remaining_time":1.137787405},
{"learn":[0.3218194987],"iteration":730,"passed_time":3.079836401,"remaining_time":1.13334609},
{"learn":[0.3217130263],"iteration":731,"passed_time":3.083782719,"remaining_time":1.129035203},
{"learn":[0.321610867],"iteration":732,"passed_time":3.087375983,"remaining_time":1.124596709},
{"learn":[0.3214830187],"iteration":733,"passed_time":3.091404008,"remaining_time":1.120318074},
{"learn":[0.3213506402],"iteration":734,"passed_time":3.095739814,"remaining_time":1.116151089},
{"learn":[0.3212794596],"iteration":735,"passed_time":3.099419697,"remaining_time":1.11174837},
{"learn":[0.321175944],"iteration":736,"passed_time":3.103019632,"remaining_time":1.107319082},
{"learn":[0.3211116808],"iteration":737,"passed_time":3.106789298,"remaining_time":1.102952298},
{"learn":[0.3210246311],"iteration":738,"passed_time":3.110496196,"remaining_time":1.098564962},
{"learn":[0.3209870605],"iteration":739,"passed_time":3.114047296,"remaining_time":1.094124725},
{"learn":[0.3209061957],"iteration":740,"passed_time":3.1181318,"remaining_time":1.089873328},
{"learn":[0.3208384332],"iteration":741,"passed_time":3.122103338,"remaining_time":1.085583101},
{"learn":[0.320753635],"iteration":742,"passed_time":3.126090951,"remaining_time":1.081299293},
{"learn":[0.320619439],"iteration":743,"passed_time":3.130096757,"remaining_time":1.07702254},
{"learn":[0.320555013],"iteration":744,"passed_time":3.133811603,"remaining_time":1.072646924},
{"learn":[0.3204452854],"iteration":745,"passed_time":3.137712621,"remaining_time":1.068336469},
{"learn":[0.3203598362],"iteration":746,"passed_time":3.141445372,"remaining_time":1.063970119},
{"learn":[0.3202227105],"iteration":747,"passed_time":3.145302145,"remaining_time":1.059647247},
{"learn":[0.3201383464],"iteration":748,"passed_time":3.149081887,"remaining_time":1.055299805},
{"learn":[0.3200422635],"iteration":749,"passed_time":3.152991506,"remaining_time":1.050997169},
{"learn":[0.3199000109],"iteration":750,"passed_time":3.157109989,"remaining_time":1.04676483},
{"learn":[0.319785753],"iteration":751,"passed_time":3.161051421,"remaining_time":1.042474405},
{"learn":[0.3197513021],"iteration":752,"passed_time":3.164825972,"remaining_time":1.038130166},
{"learn":[0.3196585829],"iteration":753,"passed_time":3.16896003,"remaining_time":1.033904731},
{"learn":[0.3195283203],"iteration":754,"passed_time":3.173076264,"remaining_time":1.029673754},
{"learn":[0.3194316406],"iteration":755,"passed_time":3.177218207,"remaining_time":1.025451379},
{"learn":[0.3192511393],"iteration":756,"passed_time":3.181195033,"remaining_time":1.021176213},
{"learn":[0.3191603733],"iteration":757,"passed_time":3.185119587,"remaining_time":1.016885145},
{"learn":[0.3190004883],"iteration":758,"passed_time":3.18909595,"remaining_time":1.012611494},
{"learn":[0.3188740777],"iteration":759,"passed_time":3.192992051,"remaining_time":1.008313279},
{"learn":[0.3188023546],"iteration":760,"passed_time":3.196886825,"remaining_time":1.004015705},
{"learn":[0.3187374403],"iteration":761,"passed_time":3.200961006,"remaining_time":0.9997752224},
{"learn":[0.3186685655],"iteration":762,"passed_time":3.204689158,"remaining_time":0.9954276938},
{"learn":[0.3185354004],"iteration":763,"passed_time":3.213617005,"remaining_time":0.9926879753},
{"learn":[0.3184675293],"iteration":764,"passed_time":3.218321115,"remaining_time":0.988634591},
{"learn":[0.3183782552],"iteration":765,"passed_time":3.222920928,"remaining_time":0.9845476465},
{"learn":[0.3182653537],"iteration":766,"passed_time":3.227340225,"remaining_time":0.9804045272},
{"learn":[0.3181704915],"iteration":767,"passed_time":3.2327693,"remaining_time":0.9765657261},
{"learn":[0.3180005968],"iteration":768,"passed_time":3.236712315,"remaining_time":0.9722763911},
{"learn":[0.3179089084],"iteration":769,"passed_time":3.24027538,"remaining_time":0.967874464},
{"learn":[0.317833686],"iteration":770,"passed_time":3.244309164,"remaining_time":0.9636145246},
{"learn":[0.3177341309],"iteration":771,"passed_time":3.248230764,"remaining_time":0.9593220391},
{"learn":[0.3175712891],"iteration":772,"passed_time":3.252023499,"remaining_time":0.9549926704},
{"learn":[0.3174846734],"iteration":773,"passed_time":3.255662163,"remaining_time":0.9506197013},
{"learn":[0.317418457],"iteration":774,"passed_time":3.259285688,"remaining_time":0.946244232},
{"learn":[0.3173119032],"iteration":775,"passed_time":3.262958779,"remaining_time":0.9418850082},
{"learn":[0.3171120063],"iteration":776,"passed_time":3.26732455,"remaining_time":0.9377263508},
{"learn":[0.3170094401],"iteration":777,"passed_time":3.270974528,"remaining_time":0.9333629117},
{"learn":[0.3168746474],"iteration":778,"passed_time":3.274640496,"remaining_time":0.9290058403},
{"learn":[0.3168089193],"iteration":779,"passed_time":3.278495452,"remaining_time":0.9247038454},
{"learn":[0.3166567925],"iteration":780,"passed_time":3.282037837,"remaining_time":0.9203153472},
{"learn":[0.3165594618],"iteration":781,"passed_time":3.28579164,"remaining_time":0.9159879507},
{"learn":[0.3164439833],"iteration":782,"passed_time":3.289495124,"remaining_time":0.911648074},
{"learn":[0.3163146701],"iteration":783,"passed_time":3.293355613,"remaining_time":0.907353077},
{"learn":[0.3162234972],"iteration":784,"passed_time":3.29733996,"remaining_time":0.9030931101},
{"learn":[0.316121365],"iteration":785,"passed_time":3.301427011,"remaining_time":0.8988618071},
{"learn":[0.3159719238],"iteration":786,"passed_time":3.304982743,"remaining_time":0.8944870701},
{"learn":[0.3158749186],"iteration":787,"passed_time":3.308938053,"remaining_time":0.8902219128},
{"learn":[0.3157796224],"iteration":788,"passed_time":3.312789645,"remaining_time":0.8859298036},
{"learn":[0.3157246094],"iteration":789,"passed_time":3.317047846,"remaining_time":0.8817468957},
{"learn":[0.3156274957],"iteration":790,"passed_time":3.32086721,"remaining_time":0.8774478468},
{"learn":[0.3154686415],"iteration":791,"passed_time":3.324782604,"remaining_time":0.8731752294},
{"learn":[0.3153940972],"iteration":792,"passed_time":3.328490735,"remaining_time":0.8688494101},
{"learn":[0.3153395996],"iteration":793,"passed_time":3.332280134,"remaining_time":0.8645462312},
{"learn":[0.3152146267],"iteration":794,"passed_time":3.336016541,"remaining_time":0.8602306803},
{"learn":[0.315133138],"iteration":795,"passed_time":3.339964984,"remaining_time":0.8559709255},
{"learn":[0.3150292969],"iteration":796,"passed_time":3.344078988,"remaining_time":0.8517541211},
{"learn":[0.3148839518],"iteration":797,"passed_time":3.347963718,"remaining_time":0.8474795377},
{"learn":[0.3147851562],"iteration":798,"passed_time":3.351875223,"remaining_time":0.8432126657},
{"learn":[0.3147312012],"iteration":799,"passed_time":3.355786662,"remaining_time":0.8389466655},
{"learn":[0.314662028],"iteration":800,"passed_time":3.359758595,"remaining_time":0.8346965799},
{"learn":[0.3144914551],"iteration":801,"passed_time":3.3638873,"remaining_time":0.830485892},
{"learn":[0.3144247776],"iteration":802,"passed_time":3.368000176,"remaining_time":0.8262715252},
{"learn":[0.3143422038],"iteration":803,"passed_time":3.373796772,"remaining_time":0.8224678697},
{"learn":[0.3142044271],"iteration":804,"passed_time":3.377866173,"remaining_time":0.8182408743},
{"learn":[0.3141236165],"iteration":805,"passed_time":3.382203038,"remaining_time":0.8140786468},
{"learn":[0.3140299479],"iteration":806,"passed_time":3.386177108,"remaining_time":0.8098292217},
{"learn":[0.3139579536],"iteration":807,"passed_time":3.393080727,"remaining_time":0.8062766085},
{"learn":[0.3138252767],"iteration":808,"passed_time":3.396687232,"remaining_time":0.8019372821},
{"learn":[0.3137367079],"iteration":809,"passed_time":3.400246279,"remaining_time":0.7975886335},
{"learn":[0.3136656359],"iteration":810,"passed_time":3.404125407,"remaining_time":0.7933165251},
{"learn":[0.3135668945],"iteration":811,"passed_time":3.40786008,"remaining_time":0.7890119396},
{"learn":[0.3134429253],"iteration":812,"passed_time":3.411722295,"remaining_time":0.7847380925},
{"learn":[0.3133471137],"iteration":813,"passed_time":3.416070361,"remaining_time":0.7805762742},
{"learn":[0.3132154948],"iteration":814,"passed_time":3.420069879,"remaining_time":0.7763348804},
{"learn":[0.3130416124],"iteration":815,"passed_time":3.423863285,"remaining_time":0.7720476034},
{"learn":[0.3129444444],"iteration":816,"passed_time":3.427403471,"remaining_time":0.7677048167},
{"learn":[0.312870497],"iteration":817,"passed_time":3.431040341,"remaining_time":0.7633855037},
{"learn":[0.3127798665],"iteration":818,"passed_time":3.434676028,"remaining_time":0.7590675959},
{"learn":[0.312687934],"iteration":819,"passed_time":3.438218921,"remaining_time":0.7547309826},
{"learn":[0.3126328668],"iteration":820,"passed_time":3.441693691,"remaining_time":0.7503814503},
{"learn":[0.3125423177],"iteration":821,"passed_time":3.445420782,"remaining_time":0.7460886851},
{"learn":[0.312429796],"iteration":822,"passed_time":3.448979245,"remaining_time":0.7417610284},
{"learn":[0.3123484701],"iteration":823,"passed_time":3.45252157,"remaining_time":0.7374317917},
{"learn":[0.3122239583],"iteration":824,"passed_time":3.45719402,"remaining_time":0.7333441862},
{"learn":[0.3121431207],"iteration":825,"passed_time":3.463728301,"remaining_time":0.7296473662},
{"learn":[0.3120651313],"iteration":826,"passed_time":3.46814262,"remaining_time":0.7255002094},
{"learn":[0.3120039334],"iteration":827,"passed_time":3.471652329,"remaining_time":0.7211644935},
{"learn":[0.3119322103],"iteration":828,"passed_time":3.477528021,"remaining_time":0.7173188077},
{"learn":[0.3118337131],"iteration":829,"passed_time":3.481745842,"remaining_time":0.7131286665},
{"learn":[0.3117437609],"iteration":830,"passed_time":3.485591,"remaining_time":0.7088626703},
{"learn":[0.3116370443],"iteration":831,"passed_time":3.489550489,"remaining_time":0.7046207718},
{"learn":[0.3114668511],"iteration":832,"passed_time":3.493542857,"remaining_time":0.700386143},
{"learn":[0.3113302951],"iteration":833,"passed_time":3.497152102,"remaining_time":0.696075838},
{"learn":[0.3111689724],"iteration":834,"passed_time":3.500809379,"remaining_time":0.6917767035},
{"learn":[0.3111165907],"iteration":835,"passed_time":3.504653199,"remaining_time":0.6875156994},
{"learn":[0.3110553385],"iteration":836,"passed_time":3.508144478,"remaining_time":0.6831870369},
{"learn":[0.3109750163],"iteration":837,"passed_time":3.511932359,"remaining_time":0.6789177115},
{"learn":[0.3109230414],"iteration":838,"passed_time":3.515929782,"remaining_time":0.6746897436},
{"learn":[0.3108937717],"iteration":839,"passed_time":3.536371219,"remaining_time":0.6735945179},
{"learn":[0.3107386882],"iteration":840,"passed_time":3.543124928,"remaining_time":0.6698654739},
{"learn":[0.3106914063],"iteration":841,"passed_time":3.548315441,"remaining_time":0.6658359142},
{"learn":[0.3105606283],"iteration":842,"passed_time":3.554580769,"remaining_time":0.6620037732},
{"learn":[0.3104320747],"iteration":843,"passed_time":3.561386483,"remaining_time":0.6582657481},
{"learn":[0.3103297526],"iteration":844,"passed_time":3.565635402,"remaining_time":0.6540514644},
{"learn":[0.3102447103],"iteration":845,"passed_time":3.569646136,"remaining_time":0.649793741},
{"learn":[0.3101280382],"iteration":846,"passed_time":3.573782229,"remaining_time":0.6455592456},
{"learn":[0.3100417752],"iteration":847,"passed_time":3.577495823,"remaining_time":0.6412492513},
{"learn":[0.309887424],"iteration":848,"passed_time":3.581376069,"remaining_time":0.6369703021},
{"learn":[0.3098063965],"iteration":849,"passed_time":3.585256996,"remaining_time":0.632692411},
{"learn":[0.3097645399],"iteration":850,"passed_time":3.589017037,"remaining_time":0.6283942874},
{"learn":[0.3096435818],"iteration":851,"passed_time":3.592988904,"remaining_time":0.6241342228},
{"learn":[0.3095574002],"iteration":852,"passed_time":3.596871751,"remaining_time":0.6198594929},
{"learn":[0.3094435221],"iteration":853,"passed_time":3.600787318,"remaining_time":0.6155912746},
{"learn":[0.3093727756],"iteration":854,"passed_time":3.604759021,"remaining_time":0.6113334012},
{"learn":[0.3092927789],"iteration":855,"passed_time":3.608676361,"remaining_time":0.6070670514},
{"learn":[0.3091715495],"iteration":856,"passed_time":3.61265112,"remaining_time":0.602811097},
{"learn":[0.3090319553],"iteration":857,"passed_time":3.616880014,"remaining_time":0.5985978578},
{"learn":[0.3088879123],"iteration":858,"passed_time":3.621389265,"remaining_time":0.5944306011},
{"learn":[0.3087984484],"iteration":859,"passed_time":3.62530409,"remaining_time":0.590165782},
{"learn":[0.3087109375],"iteration":860,"passed_time":3.629547789,"remaining_time":0.5859548695},
{"learn":[0.3085583225],"iteration":861,"passed_time":3.633772901,"remaining_time":0.5817409052},
{"learn":[0.3084354112],"iteration":862,"passed_time":3.637870501,"remaining_time":0.5775066728},
{"learn":[0.3083725586],"iteration":863,"passed_time":3.641745003,"remaining_time":0.5732376394},
{"learn":[0.3082858615],"iteration":864,"passed_time":3.645851449,"remaining_time":0.5690057175},
{"learn":[0.308179145],"iteration":865,"passed_time":3.649889469,"remaining_time":0.5647634975},
{"learn":[0.3081375868],"iteration":866,"passed_time":3.65391217,"remaining_time":0.5605193986},
{"learn":[0.3080623915],"iteration":867,"passed_time":3.657900753,"remaining_time":0.5562706215},
{"learn":[0.3079376085],"iteration":868,"passed_time":3.661908068,"remaining_time":0.5520252668},
{"learn":[0.3078158637],"iteration":869,"passed_time":3.665938117,"remaining_time":0.5477838566},
{"learn":[0.3076828885],"iteration":870,"passed_time":3.669968701,"remaining_time":0.5435430108},
{"learn":[0.3076163737],"iteration":871,"passed_time":3.673992095,"remaining_time":0.539301592},
{"learn":[0.3075228407],"iteration":872,"passed_time":3.678024305,"remaining_time":0.5350619551},
{"learn":[0.3074426541],"iteration":873,"passed_time":3.681594375,"remaining_time":0.5307561685},
{"learn":[0.3073618978],"iteration":874,"passed_time":3.685068403,"remaining_time":0.5264383433},
{"learn":[0.3072829861],"iteration":875,"passed_time":3.688723136,"remaining_time":0.5221480238},
{"learn":[0.3072290853],"iteration":876,"passed_time":3.6924916,"remaining_time":0.5178751046},
{"learn":[0.3070880263],"iteration":877,"passed_time":3.696393577,"remaining_time":0.5136218865},
{"learn":[0.3070502387],"iteration":878,"passed_time":3.70045723,"remaining_time":0.5093917234},
{"learn":[0.3069110243],"iteration":879,"passed_time":3.704451051,"remaining_time":0.505152416},
{"learn":[0.3067887641],"iteration":880,"passed_time":3.708467617,"remaining_time":0.5009167382},
{"learn":[0.3067311198],"iteration":881,"passed_time":3.714795408,"remaining_time":0.4969907689},
{"learn":[0.3065977919],"iteration":882,"passed_time":3.719435564,"remaining_time":0.492835743},
{"learn":[0.3065346137],"iteration":883,"passed_time":3.726839473,"remaining_time":0.4890422838},
{"learn":[0.3064979926],"iteration":884,"passed_time":3.73067402,"remaining_time":0.48477685},
{"learn":[0.3064219564],"iteration":885,"passed_time":3.734276773,"remaining_time":0.4804825645},
{"learn":[0.3063247342],"iteration":886,"passed_time":3.737950468,"remaining_time":0.4761988758},
{"learn":[0.3062802463],"iteration":887,"passed_time":3.743020708,"remaining_time":0.4720927019},
{"learn":[0.3061516385],"iteration":888,"passed_time":3.748449096,"remaining_time":0.4680290772},
{"learn":[0.3061201172],"iteration":889,"passed_time":3.75363613,"remaining_time":0.4639325554},
{"learn":[0.3059913194],"iteration":890,"passed_time":3.760782264,"remaining_time":0.4600732511},
{"learn":[0.3059172635],"iteration":891,"passed_time":3.76453364,"remaining_time":0.4557955528},
{"learn":[0.3057929145],"iteration":892,"passed_time":3.768271433,"remaining_time":0.4515174057},
{"learn":[0.3057138672],"iteration":893,"passed_time":3.771907366,"remaining_time":0.4472283902},
{"learn":[0.3055971408],"iteration":894,"passed_time":3.776055958,"remaining_time":0.4430009784},
{"learn":[0.3054671766],"iteration":895,"passed_time":3.780282418,"remaining_time":0.4387827807},
{"learn":[0.3053990885],"iteration":896,"passed_time":3.784229507,"remaining_time":0.4345324852},
{"learn":[0.3053337131],"iteration":897,"passed_time":3.788912763,"remaining_time":0.4303664831},
{"learn":[0.3051781684],"iteration":898,"passed_time":3.793484933,"remaining_time":0.4261868501},
{"learn":[0.3051432834],"iteration":899,"passed_time":3.796961824,"remaining_time":0.4218846471},
{"learn":[0.3050359158],"iteration":900,"passed_time":3.800640957,"remaining_time":0.4176064981},
{"learn":[0.3049191895],"iteration":901,"passed_time":3.804160814,"remaining_time":0.4133123723},
{"learn":[0.3048554416],"iteration":902,"passed_time":3.807756817,"remaining_time":0.409028141},
{"learn":[0.3047250977],"iteration":903,"passed_time":3.811285393,"remaining_time":0.4047382718},
{"learn":[0.3046518555],"iteration":904,"passed_time":3.815058468,"remaining_time":0.4004757508},
{"learn":[0.3045513238],"iteration":905,"passed_time":3.818601873,"remaining_time":0.3961904813},
{"learn":[0.3044622125],"iteration":906,"passed_time":3.822162768,"remaining_time":0.391908641},
{"learn":[0.3043688151],"iteration":907,"passed_time":3.82605527,"remaining_time":0.3876619877},
{"learn":[0.3042703993],"iteration":908,"passed_time":3.830009252,"remaining_time":0.3834222684},
{"learn":[0.3041979438],"iteration":909,"passed_time":3.834298123,"remaining_time":0.3792162979},
{"learn":[0.3040802409],"iteration":910,"passed_time":3.838297043,"remaining_time":0.3749818187},
{"learn":[0.3040082465],"iteration":911,"passed_time":3.842740013,"remaining_time":0.3707907031},
{"learn":[0.3039953613],"iteration":912,"passed_time":3.846663906,"remaining_time":0.3665495726},
{"learn":[0.3039560818],"iteration":913,"passed_time":3.850371971,"remaining_time":0.3622888288},
{"learn":[0.3038656413],"iteration":914,"passed_time":3.854365266,"remaining_time":0.3580557897},
{"learn":[0.3037393121],"iteration":915,"passed_time":3.858264741,"remaining_time":0.3538146706},
{"learn":[0.3036246202],"iteration":916,"passed_time":3.862364384,"remaining_time":0.3495924143},
{"learn":[0.3035033095],"iteration":917,"passed_time":3.866451632,"remaining_time":0.3453693179},
{"learn":[0.3033946398],"iteration":918,"passed_time":3.870271525,"remaining_time":0.3411229527},
{"learn":[0.3032837185],"iteration":919,"passed_time":3.874411639,"remaining_time":0.3369053599},
{"learn":[0.3031801758],"iteration":920,"passed_time":3.878171963,"remaining_time":0.3326553584},
{"learn":[0.3030604112],"iteration":921,"passed_time":3.887254648,"remaining_time":0.3288566839},
{"learn":[0.3029476183],"iteration":922,"passed_time":3.891770619,"remaining_time":0.324665588},
{"learn":[0.3027688531],"iteration":923,"passed_time":3.895327354,"remaining_time":0.3203948906},
{"learn":[0.3027149523],"iteration":924,"passed_time":3.898908846,"remaining_time":0.3161277442},
{"learn":[0.3026416016],"iteration":925,"passed_time":3.902564908,"remaining_time":0.311868038},
{"learn":[0.3024251845],"iteration":926,"passed_time":3.906353476,"remaining_time":0.3076200688},
{"learn":[0.3023693848],"iteration":927,"passed_time":3.909879576,"remaining_time":0.3033527257},
{"learn":[0.302248291],"iteration":928,"passed_time":3.913601841,"remaining_time":0.2991019707},
{"learn":[0.3021748047],"iteration":929,"passed_time":3.917403328,"remaining_time":0.294858315},
{"learn":[0.3021107313],"iteration":930,"passed_time":3.921045654,"remaining_time":0.2906038133},
{"learn":[0.3020160048],"iteration":931,"passed_time":3.924927386,"remaining_time":0.2863680926},
{"learn":[0.3018895671],"iteration":932,"passed_time":3.928850839,"remaining_time":0.2821361267},
{"learn":[0.3017732747],"iteration":933,"passed_time":3.932762993,"remaining_time":0.277904023},
{"learn":[0.3017046712],"iteration":934,"passed_time":3.936627765,"remaining_time":0.2736693099},
{"learn":[0.3015891113],"iteration":935,"passed_time":3.940848606,"remaining_time":0.2694597337},
{"learn":[0.3014537218],"iteration":936,"passed_time":3.94486898,"remaining_time":0.265236655},
{"learn":[0.301394043],"iteration":937,"passed_time":3.948811888,"remaining_time":0.2610088881},
{"learn":[0.3013058268],"iteration":938,"passed_time":3.952933141,"remaining_time":0.2567933137},
{"learn":[0.3011974284],"iteration":939,"passed_time":3.957142238,"remaining_time":0.2525835471},
{"learn":[0.3011208767],"iteration":940,"passed_time":3.961058724,"remaining_time":0.2483554354},
{"learn":[0.3010068088],"iteration":941,"passed_time":3.965020656,"remaining_time":0.2441307835},
{"learn":[0.3009110243],"iteration":942,"passed_time":3.968967134,"remaining_time":0.2399057546},
{"learn":[0.3007524957],"iteration":943,"passed_time":3.972812063,"remaining_time":0.2356752919},
{"learn":[0.300687934],"iteration":944,"passed_time":3.976567505,"remaining_time":0.2314404368},
{"learn":[0.3006173503],"iteration":945,"passed_time":3.980646312,"remaining_time":0.2272250537},
{"learn":[0.300535102],"iteration":946,"passed_time":3.98444256,"remaining_time":0.2229941454},
{"learn":[0.300328776],"iteration":947,"passed_time":3.988226252,"remaining_time":0.2187634653},
{"learn":[0.3001512587],"iteration":948,"passed_time":3.992136692,"remaining_time":0.2145405388},
{"learn":[0.3000302734],"iteration":949,"passed_time":3.997304316,"remaining_time":0.2103844377},
{"learn":[0.2999530707],"iteration":950,"passed_time":4.002559314,"remaining_time":0.2062307112},
{"learn":[0.2998997938],"iteration":951,"passed_time":4.006607254,"remaining_time":0.2020138111},
{"learn":[0.2997606879],"iteration":952,"passed_time":4.010208763,"remaining_time":0.1977752485},
{"learn":[0.2996985406],"iteration":953,"passed_time":4.013867127,"remaining_time":0.1935407629},
{"learn":[0.2996407335],"iteration":954,"passed_time":4.017647941,"remaining_time":0.1893132538},
{"learn":[0.2995501031],"iteration":955,"passed_time":4.02146928,"remaining_time":0.1850885443},
{"learn":[0.2993525933],"iteration":956,"passed_time":4.025149073,"remaining_time":0.1808583178},
{"learn":[0.2993046604],"iteration":957,"passed_time":4.029024257,"remaining_time":0.1766378067},
{"learn":[0.299199924],"iteration":958,"passed_time":4.033318752,"remaining_time":0.1724359425},
{"learn":[0.2991301541],"iteration":959,"passed_time":4.042606082,"remaining_time":0.1684419201},
{"learn":[0.2990571289],"iteration":960,"passed_time":4.046434843,"remaining_time":0.1642153578},
{"learn":[0.2990178494],"iteration":961,"passed_time":4.049983579,"remaining_time":0.1599785613},
{"learn":[0.298894694],"iteration":962,"passed_time":4.053665462,"remaining_time":0.1557483096},
{"learn":[0.2988089464],"iteration":963,"passed_time":4.057349452,"remaining_time":0.1515192741},
{"learn":[0.2987042643],"iteration":964,"passed_time":4.061020822,"remaining_time":0.1472909106},
{"learn":[0.2986079102],"iteration":965,"passed_time":4.064886337,"remaining_time":0.1430705336},
{"learn":[0.2984076063],"iteration":966,"passed_time":4.06866864,"remaining_time":0.1388480508},
{"learn":[0.2983613281],"iteration":967,"passed_time":4.0725614,"remaining_time":0.1346301289},
{"learn":[0.2982934299],"iteration":968,"passed_time":4.076152667,"remaining_time":0.1304032329},
{"learn":[0.2982060004],"iteration":969,"passed_time":4.079798468,"remaining_time":0.1261793341},
{"learn":[0.2981106228],"iteration":970,"passed_time":4.083284251,"remaining_time":0.1219518468},
{"learn":[0.2980555013],"iteration":971,"passed_time":4.089313249,"remaining_time":0.1177991471},
{"learn":[0.2979551595],"iteration":972,"passed_time":4.093246085,"remaining_time":0.1135844237},
{"learn":[0.2978543294],"iteration":973,"passed_time":4.097203984,"remaining_time":0.1093709482},
{"learn":[0.2977158203],"iteration":974,"passed_time":4.10096883,"remaining_time":0.1051530469},
{"learn":[0.2975620117],"iteration":975,"passed_time":4.104935493,"remaining_time":0.1009410367},
{"learn":[0.2974567057],"iteration":976,"passed_time":4.108912343,"remaining_time":0.09672976856},
{"learn":[0.2973897841],"iteration":977,"passed_time":4.112770246,"remaining_time":0.0925163041},
{"learn":[0.2973288845],"iteration":978,"passed_time":4.116547084,"remaining_time":0.08830182714},
{"learn":[0.2972043186],"iteration":979,"passed_time":4.120405248,"remaining_time":0.08408990302},
{"learn":[0.2971394314],"iteration":980,"passed_time":4.12407577,"remaining_time":0.07987506588},
{"learn":[0.2969593099],"iteration":981,"passed_time":4.127789506,"remaining_time":0.07566212944},
{"learn":[0.2968445095],"iteration":982,"passed_time":4.13142928,"remaining_time":0.07144892956},
{"learn":[0.2967956814],"iteration":983,"passed_time":4.135487555,"remaining_time":0.06724370009},
{"learn":[0.2967588162],"iteration":984,"passed_time":4.139056346,"remaining_time":0.06303131491},
{"learn":[0.2967219781],"iteration":985,"passed_time":4.142532425,"remaining_time":0.05881891881},
{"learn":[0.2966778971],"iteration":986,"passed_time":4.146118826,"remaining_time":0.05460946782},
{"learn":[0.2965281576],"iteration":987,"passed_time":4.149666196,"remaining_time":0.050400804},
{"learn":[0.296380995],"iteration":988,"passed_time":4.153867597,"remaining_time":0.04620075184},
{"learn":[0.2962466905],"iteration":989,"passed_time":4.157936465,"remaining_time":0.04199935823},
{"learn":[0.296152832],"iteration":990,"passed_time":4.162387371,"remaining_time":0.03780170166},
{"learn":[0.2960605469],"iteration":991,"passed_time":4.166166225,"remaining_time":0.03359811472},
{"learn":[0.2958912218],"iteration":992,"passed_time":4.169770354,"remaining_time":0.02939415154},
{"learn":[0.2958282878],"iteration":993,"passed_time":4.173573291,"remaining_time":0.02519259532},
{"learn":[0.2957144097],"iteration":994,"passed_time":4.179152427,"remaining_time":0.02100076597},
{"learn":[0.2956062012],"iteration":995,"passed_time":4.18613804,"remaining_time":0.01681179936},
{"learn":[0.2954565972],"iteration":996,"passed_time":4.190728668,"remaining_time":0.01261001605},
{"learn":[0.2953890516],"iteration":997,"passed_time":4.198493829,"remaining_time":0.008413815289},
{"learn":[0.2953327908],"iteration":998,"passed_time":4.210340285,"remaining_time":0.004214554839},
{"learn":[0.29526199],"iteration":999,"passed_time":4.216134792,"remaining_time":0}
]}